Mo,Nb,Ta,W,sigma_T,x,y,reduced modulus,E_ROM,C11_ROM,C12_ROM,C44_ROM,shear_modulus_from_ROM,bulk_modulus_from_ROM,V_ROM,dV_ROM,a_ROM,b_ROM,hardness
16.2,33.9,37.3,12.6,0.856579393654127,-22.5,-40.5,107.54,210.057,319.2314,151.456,78.395,81.094859525743,622.1434,17.6591950011595,1.08967910215907,3.279637984,2.84024980936038,5.21
16.3,35.7,34.9,13.1,0.864382866668241,-18.0,-40.5,108.01,209.867,320.3851,151.206,77.821,81.1347235809058,622.7971,17.645506977775,1.09995058121495,3.27877712,2.83950427926717,5.11
16.1,37.8,32.4,13.8,0.866179745404331,-13.5,-40.5,113.82,209.431568431568,321.330369630369,150.963036963036,77.1658341658341,81.075697159762,623.256443556443,17.635473780651,1.10466207310265,3.27814935264735,2.83896061679211,5.31
15.0,40.1,30.6,14.3,0.84340958504988,-9.0,-40.5,113.59,207.144,320.001,150.522,75.999,80.2503411861906,621.045,17.6502608338203,1.08404849988391,3.27909155,2.83977658363489,5.16
15.3,41.6,28.7,14.5,0.848367472351596,-4.5,-40.5,118.49,206.787212787212,320.775324675324,150.217782217782,75.4155844155844,80.1956879792218,621.210889110889,17.6389006983557,1.09389624380814,3.27837518481518,2.83915619318645,5.23
14.2,44.5,27.1,14.1,0.804492904708167,0.0,-40.5,119.02,202.002002002001,317.024424424424,149.153153153153,73.2052052052052,78.3870233567778,615.33073073073,17.6721451528259,1.05812452142159,3.28047905705705,2.84097819999423,5.28
13.7,46.6,25.1,14.6,0.793956429079468,4.5,-40.5,122.9,200.695,316.838899999999,148.799999999999,72.32,77.9505396004415,614.438899999999,17.6736927160373,1.05181813788289,3.280582718,2.8410679730042,5.31
13.1,48.2,23.9,14.9,0.77851822608192,9.0,-40.5,121.86,199.202797202797,316.026673326673,148.483516483516,71.5294705294705,77.4088925764573,612.993706293706,17.6821072091709,1.03938865673203,3.28111899700299,2.84153240424431,5.31
11.9,50.1,22.4,15.6,0.759078106907848,13.5,-40.5,121.65,197.536,315.0923,148.248,70.707,76.8018877375419,611.5883,17.6952141293964,1.01833680745571,3.281956158,2.84225740693477,5.21
12.2,52.2,21.0,14.6,0.735848996572222,18.0,-40.5,120.95,194.014,312.6634,147.172,68.85,75.4787483004322,607.0074,17.7087055255232,1.00739755117622,3.28280376,2.84299145179907,5.21
10.9,54.4,19.4,15.3,0.711325132466138,22.5,-40.5,109.1,191.948,311.4093,146.854,67.848,74.7152862351473,605.1173,17.7248210192897,0.981895886293149,3.283831456,2.84388146264244,5.73
17.4,31.3,38.8,12.5,0.89429376869295,-27.0,-36.0,110.32,213.654,321.9338,152.182,80.059,82.4322732799478,626.2978,17.6327783388039,1.120299942714,3.277962786,2.83879904533601,5.56
16.8,33.5,36.3,13.4,0.892016270257439,-22.5,-36.0,113.06,213.039,322.6296,151.992,79.395,82.3036215849582,626.6136,17.6275027600641,1.11841496852309,3.277638044,2.83851781051433,5.36
16.6,35.2,34.2,14.0,0.894592449846126,-18.0,-36.0,115.83,212.726,323.4542,151.808,78.876,82.2762592465165,627.0702,17.6190306228586,1.12199868788014,3.277108084,2.83805885169134,5.27
16.2,38.1,31.9,13.7,0.869106841664968,-13.5,-36.0,118.04,209.153153153153,321.334734734734,150.826826826826,76.9369369369369,80.9887527930877,622.988388388388,17.633685283762,1.10672700942733,3.27803586186186,2.83886233088878,5.36
16.4,39.5,30.3,13.8,0.869083833904365,-9.0,-36.0,122.08,208.507,321.6628,150.495999999999,76.303,80.810087057248,622.6548,17.6269466306001,1.11217813080668,3.277611148,2.83849451789507,5.46
15.5,41.8,28.0,14.8,0.859415726394368,-4.5,-36.0,121.15,207.585414585414,321.927572427572,150.31968031968,75.5914085914086,80.535961811597,622.566933066933,17.6275359287951,1.10364577120436,3.2776584035964,2.83853544244203,5.38
13.9,44.4,26.9,14.9,0.812374478389515,0.0,-36.0,120.88,203.420579420579,318.413886113886,149.578421578421,73.8251748251748,78.9439918107143,617.570729270729,17.6636900778005,1.06268102700649,3.27994999000999,2.84052001449116,5.27
13.8,46.1,24.9,15.3,0.812898843837232,4.5,-36.0,123.19,202.801198801198,318.917682317682,149.298701298701,73.1768231768231,78.7787350160527,617.515084915084,17.6570683532282,1.06615818371068,3.27953552247752,2.840161075079,5.38
13.7,47.9,23.1,15.3,0.805349453513801,9.0,-36.0,121.43,201.217,318.4129,148.786,72.151,78.2264356272865,615.9849,17.6583071824146,1.06340738404385,3.279615616,2.84023043810415,5.21
13.6,49.2,21.8,15.4,0.800354449990412,13.5,-36.0,122.44,200.245999999999,318.211199999999,148.468,71.4879999999999,77.8928811946252,615.147199999999,17.6582266623168,1.06193429345363,3.279612428,2.84022767721516,5.09
12.0,51.8,20.3,15.9,0.76244919409745,18.0,-36.0,121.72,196.977,315.742,147.926,70.032,76.6566700033337,611.594,17.6858425632544,1.02602653397552,3.28136680999999,2.8417470165951,5.24
11.1,54.3,19.0,15.7,0.724788924807024,22.5,-36.0,107.79,193.207792207792,312.831868131868,147.096903096903,68.2817182817182,75.2218990452511,607.025674325674,17.7120120796807,0.995035873913879,3.28302365234765,2.84318188415823,5.9
10.4,56.2,17.5,15.8,0.705554878454026,27.0,-36.0,111.49,190.904904904904,311.392192192192,146.572572572572,67.1021021021021,74.3631055838355,604.537337337337,17.7251836017523,0.976826269532742,3.28386018418418,2.84390634197974,5.66
17.7,30.0,39.5,12.8,0.913607019571849,-31.5,-31.5,116.66,215.811,323.5909,152.708,81.086,83.2352414227291,629.0069,17.6193976362855,1.13301212202349,3.277117138,2.83806669268535,5.68
17.8,31.1,38.0,13.1,0.919003383475917,-27.0,-31.5,117.35,215.738,324.3606,152.554,80.741,83.2821610268369,629.4686,17.6102016069481,1.13953017653158,3.276538398,2.83756548914316,5.42
17.9,32.6,35.5,14.0,0.93640098597407,-22.5,-31.5,122.19,216.691,326.6223,152.588,80.644,83.7699889256289,631.798299999999,17.5880269497491,1.15423072401952,3.275143342,2.83635733520746,5.76
17.3,35.6,33.0,14.2,0.913101276194671,-18.0,-31.5,120.7,213.825174825174,325.258841158841,151.826173826173,78.998001998002,82.7672465425329,628.911188811188,17.5982593054632,1.14112364398866,3.27579506693306,2.83692174555578,5.38
17.1,37.0,31.3,14.7,0.914211874341211,-13.5,-31.5,124.28,213.530469530469,325.880819180819,151.676323676323,78.5664335664335,82.7243190453327,629.233466533466,17.5920247717479,1.14293337668787,3.27540567432567,2.83658452166573,5.33
15.9,39.9,29.2,15.0,0.882606494120288,-9.0,-31.5,128.41,210.167999999999,323.7083,150.963999999999,76.889,81.4927496244297,625.636299999999,17.6133234504117,1.11799203787481,3.276758938,2.83775648238571,5.74
15.3,41.3,27.8,15.5,0.876090101732727,-4.5,-31.5,125.38,209.324324324324,323.579679679679,150.794794794794,76.3463463463463,81.2142064691732,625.169269269269,17.6161374214302,1.11083913015363,3.27694249049049,2.83791544350541,5.35
14.8,43.6,26.3,15.3,0.848530928529969,0.0,-31.5,128.16,206.273,321.5136,150.034,74.802,80.0843837436488,621.5816,17.6326876839841,1.09371195111018,3.27799027,2.83882284717821,5.59
13.9,45.7,24.3,16.2,0.837393099025597,4.5,-31.5,126.25,205.290709290709,321.556743256743,149.864135864135,74.1238761238761,79.7700493974866,621.285014985014,17.6354711597706,1.08368198552753,3.27817541858141,2.83898319055319,5.2
13.6,47.4,22.8,16.2,0.825302520282772,9.0,-31.5,113.83,203.504,320.6672,149.372,73.102,79.1265496227404,619.4112,17.6416044682969,1.07590256580766,3.27856526,2.83932080312513,4.89
13.1,49.1,21.1,16.7,0.818039527523005,13.5,-31.5,129.39,202.536999999999,320.618699999999,149.125999999999,72.4269999999999,78.805779556134,618.870699999999,17.6426061622448,1.07042918099288,3.27863418399999,2.83938049306006,5.62
11.8,51.5,20.0,16.7,0.776987322703061,18.0,-31.5,126.93,198.733999999999,317.4906,148.402,70.769,77.3506015923599,614.2946,17.6736683476225,1.03488852089729,3.28060246199999,2.84108507180977,5.44
11.3,53.1,18.7,16.9,0.763269262641752,22.5,-31.5,112.45,197.173,316.6761,148.034,69.9149999999999,76.7808974338669,612.7441,17.681130099367,1.02405528408615,3.281077776,2.84149670580854,5.94
11.3,54.9,17.2,16.6,0.749808412564059,27.0,-31.5,113.75,195.04,315.5301,147.38,68.691,75.9947317881312,610.290099999999,17.6870342906158,1.01797236704874,3.281450574,2.84181955834702,5.72
9.8,57.2,16.4,16.6,0.703809026888675,31.5,-31.5,119.07,191.032,312.0146,146.676,67.036,74.4433959112559,605.3666,17.723012552527,0.9737719797619,3.28372996,2.84379356452805,5.78
19.0,27.3,40.8,12.8,0.958453626708668,-36.0,-27.0,119.52,219.89089089089,326.845845845845,153.515515515515,82.9089089089089,84.7662331607004,633.876876876876,17.5876758562135,1.16591767143098,3.27510698298298,2.83632584737507,5.54
19.1,29.4,38.4,13.2,0.957748086680679,-31.5,-27.0,120.14,219.165834165834,327.543156843156,153.132867132867,82.092907092907,84.6104240304757,633.808891108891,17.5775485185117,1.17157599560586,3.27447068731268,2.83577479916027,5.5
19.2,31.1,36.4,13.3,0.957941410120745,-27.0,-27.0,119.15,218.19,327.7364,152.71,81.261,84.3291773065527,633.1564,17.5717066630439,1.17501676421682,3.27410327,2.8354566064337,5.14
18.7,32.6,34.7,14.0,0.955795889798422,-22.5,-27.0,122.82,217.835,328.2519,152.62,80.852,84.2620625750402,633.4919,17.5684796681515,1.1724065470728,3.273905982,2.83528575001383,5.3
18.4,34.5,32.4,14.8,0.957097534491803,-18.0,-27.0,124.52,217.635364635364,329.287512487512,152.477522477522,80.3556443556443,84.2842828639117,634.242557442557,17.5588813853365,1.1746876951402,3.27330638961039,2.83476648777252,5.28
17.0,36.8,31.1,15.1,0.923363011515503,-13.5,-27.0,122.4,214.477,326.831,151.926,78.958,83.096777885788,630.683,17.585209277818,1.14686203999574,3.27497750199999,2.8362137135545,5.29
16.8,38.9,29.1,15.2,0.912770139737241,-9.0,-27.0,122.11,212.714999999999,326.265599999999,151.379999999999,77.829,82.4959737272068,629.025599999999,17.5873381188471,1.14272253526249,3.27511483999999,2.8363326517514,5.08
16.1,41.0,27.4,15.5,0.894590091958855,-4.5,-27.0,123.24,210.688,325.2057,150.914,76.726,81.7701197693876,627.0337,17.5973968097663,1.12967441170595,3.27575577999999,2.8368877220737,5.2
15.7,42.6,25.6,16.2,0.892713249921959,0.0,-27.0,123.14,210.370629370629,325.83906093906,150.803196803196,76.2947052947053,81.7138595045229,627.445454545454,17.5924397477451,1.12895420023552,3.27544889310689,2.83662195022818,5.33
15.2,44.6,24.0,16.3,0.875336700024637,4.5,-27.0,123.25,208.262737262737,324.683716283716,150.273726273726,75.1438561438561,80.9501056187145,625.231168831168,17.6019185966585,1.1177284116496,3.2760514065934,2.83714374221363,5.23
14.5,46.9,22.2,16.5,0.854237646182511,9.0,-27.0,124.52,205.851148851148,323.323176823176,149.702297702297,73.8541458541458,80.0706616992717,622.727772227772,17.6140502442161,1.10281965886044,3.27682291308691,2.83781188643619,5.36
13.6,47.9,21.5,17.0,0.841541589697443,13.5,-27.0,125.41,204.899,322.6632,149.632,73.451,79.7161046188284,621.9272,17.6243093831929,1.08838189528635,3.277477428,2.83837871297808,5.58
12.7,50.7,19.5,17.1,0.81132869941273,18.0,-27.0,113.71,201.569,320.5319,148.862,71.755,78.4798498803992,618.2559,17.6433373026812,1.06595395212187,3.27868508,2.83942457028901,5.85
11.7,52.8,18.0,17.6,0.788825585811137,22.5,-27.0,117.51,199.54945054945,319.325574425574,148.48951048951,70.7422577422577,77.7345768195783,616.304595404595,17.6571169450988,1.0466112438698,3.279563006993,2.84018487736762,5.95
11.0,54.6,16.7,17.6,0.768175431016644,27.0,-27.0,121.34,197.115115115115,317.656656656656,147.945945945945,69.5445445445445,76.8194444158096,613.548548548548,17.6723535987211,1.02823482283542,3.28052938938938,2.84102178907266,5.92
10.6,56.8,15.8,16.9,0.731005578362469,31.5,-27.0,122.47,193.167832167832,314.455744255744,146.977022977022,67.7132867132867,75.3011775217383,608.40979020979,17.6977887440119,1.00239565586255,3.2821352027972,2.84241246427756,5.75
20.2,25.5,42.0,12.3,0.981001671624652,-40.5,-22.5,123.29,221.906,328.2734,153.818,83.821,85.507385889758,635.9094,17.5703469100985,1.18664339771301,3.274004318,2.83537091148794,5.64
20.2,27.4,40.1,12.3,0.973809775134962,-36.0,-22.5,126.89,220.367,327.8934,153.286,82.776,85.009711628731,634.4654,17.5697910435506,1.1858092177797,3.273970726,2.83534181996258,5.94
20.0,28.3,38.0,13.6,0.996990279042503,-31.5,-22.5,121.83,222.313313313313,330.782782782782,153.675675675675,83.2432432432432,85.8573526176531,638.134134134134,17.5457584710567,1.1980734384988,3.27246096496496,2.83403432855259,5.33
19.1,31.6,35.4,14.0,0.967228961416425,-27.0,-22.5,123.63,219.183816183816,329.197502497502,152.917082917082,81.5074925074925,84.7589965082429,635.031668331668,17.5597738537927,1.18107405458868,3.27335391608391,2.83480764690594,5.41
19.3,31.7,33.9,15.0,0.997931946635503,-22.5,-22.5,128.48,221.707707707707,332.346446446446,153.395395395395,82.2822822822822,85.8035573193025,639.137237237237,17.5318433109763,1.19850412276218,3.27159444044044,2.83328389630135,5.74
18.3,34.7,32.1,14.9,0.958106229236165,-18.0,-22.5,122.1,217.587,329.3751,152.465999999999,80.2949999999999,84.2760825635007,634.3071,17.5583465251463,1.17426072753592,3.273273668,2.83473815002667,5.35
17.8,36.6,30.0,15.5,0.954427117657882,-13.5,-22.5,125.91,216.713713713713,329.618218218218,152.212212212212,79.5845845845845,84.0201859400415,634.042642642642,17.5563674347537,1.17069468121022,3.27315504904904,2.83463542300177,5.63
17.2,38.4,28.4,16.0,0.941932369188164,-9.0,-22.5,126.85,215.491999999999,329.276399999999,151.935999999999,78.832,83.6065141385526,633.148399999999,17.5605619542852,1.16260137182468,3.273426008,2.83487008033668,5.79
16.6,40.2,26.6,16.6,0.933948378650486,-4.5,-22.5,128.48,214.526,329.2662,151.708,78.154,83.297309568797,632.6822,17.5618342017444,1.15633443217491,3.27351296,2.83494538297759,5.78
16.4,41.9,25.1,16.6,0.922629790738763,0.0,-22.5,122.16,212.863,328.5188,151.224,77.167,82.70824575458,630.966799999999,17.5662236678641,1.1511771207343,3.273792244,2.83518725001646,5.3
15.9,44.2,23.0,16.9,0.908482147576599,4.5,-22.5,122.68,210.959999999999,327.8263,150.709999999999,76.006,82.0423716679375,629.2463,17.5713370261157,1.14296691944377,3.274120308,2.83547136177453,5.26
14.3,45.9,22.2,17.7,0.879918094171948,9.0,-22.5,124.42,209.071928071928,326.256843156843,150.573426573426,75.2867132867132,81.322281736145,627.403696303696,17.5935269426077,1.11595238145035,3.27553273526473,2.83669455966678,5.38
14.1,47.3,20.7,17.9,0.875924503316329,13.5,-22.5,125.46,208.125,326.1597,150.27,74.613,81.0051176966616,626.6997,17.5929754640112,1.11406153652223,3.27550081999999,2.83666692023675,5.65
13.5,49.4,19.1,18.0,0.855772985906029,18.0,-22.5,121.92,205.791,324.7795,149.708,73.38,80.1459502096019,624.1955,17.6048779458391,1.10037613909049,3.27625683799999,2.83732165103047,5.45
12.1,51.8,18.2,17.9,0.810638801290775,22.5,-22.5,124.93,201.62,321.1857,148.929999999999,71.618,78.5385533435649,619.045699999999,17.6405271419707,1.06300655091649,3.27851466,2.8392769822397,6.0
11.8,53.6,16.5,18.1,0.801088285419309,27.0,-22.5,126.97,200.183,320.7386,148.514,70.706,78.0298422643542,617.7666,17.6430435610476,1.05779027713615,3.278677098,2.83941765767424,5.7
11.6,55.3,15.4,17.8,0.781616270751875,31.5,-22.5,133.82,197.833166833166,319.146053946053,147.886113886113,69.4985014985015,77.1437269027398,614.918281718281,17.6545443234592,1.04635450518296,3.27940388811188,2.84004707637435,5.96
21.8,24.8,40.1,13.2,1.04430021317933,-40.5,-18.0,146.51,226.826826826826,334.104704704704,154.528528528528,85.3263263263263,87.5287821486231,643.161761761761,17.5113410369383,1.23170251509885,3.27027609609609,2.83214217660821,8.23
21.3,26.5,38.7,13.5,1.02992242538716,-36.0,-18.0,132.59,225.369,333.4581,154.182,84.493,87.0275115044087,641.8221,17.5174536299104,1.22377318436892,3.27066678,2.83248051879384,6.38
20.5,28.6,37.0,13.9,1.01173254845978,-31.5,-18.0,125.02,223.423999999999,332.4565,153.762,83.442,86.3441557634331,639.9805,17.5278121304751,1.21123984235357,3.271327516,2.83305273295504,6.42
20.2,30.3,34.8,14.7,1.01538626857913,-27.0,-18.0,128.07,223.417999999999,333.601399999999,153.673999999999,83.053,86.4393149909229,640.9494,17.5174962023609,1.21334281337803,3.270682478,2.83249411366063,6.28
19.9,32.1,32.7,15.2,1.01456746973083,-22.5,-18.0,132.05,222.692692692692,334.014314314314,153.407407407407,82.3743743743743,86.2478433473768,640.829129129129,17.5127595403627,1.2125439805208,3.27038839439439,2.83223942978734,6.63
19.2,33.8,31.3,15.6,1.00029905485852,-18.0,-18.0,128.11,221.213213213213,333.295695695695,153.103103103103,81.5685685685685,85.7264598721918,639.501901901901,17.5207996954192,1.20228129400793,3.27090204604604,2.83268426516637,6.05
19.0,35.4,29.3,16.4,1.0019303028579,-13.5,-18.0,130.27,221.360639360639,334.516483516483,153.048951048951,81.2637362637362,85.8682994441853,640.614385614385,17.5097091822673,1.20517939127861,3.27020757242757,2.83208283337051,6.03
18.3,37.4,27.7,16.5,0.984598660346549,-9.0,-18.0,131.2,219.033033033033,333.1002002002,152.508508508508,80.055055055055,85.0214026609297,638.117217217217,17.5224464081138,1.19260160252979,3.27101667667667,2.83278353820455,6.07
17.7,39.3,26.2,16.9,0.967540506997508,-4.5,-18.0,124.04,217.471528471528,332.400499500499,152.155844155844,79.1728271728271,84.4703467094465,636.712187812187,17.5295946374073,1.18305782981602,3.27147369430569,2.83317932708125,6.75
16.9,41.3,24.5,17.3,0.951781452384201,0.0,-18.0,123.74,215.639,331.4913,151.762,78.173,83.8152091475646,635.0153,17.5391769497908,1.17086903009502,3.272085384,2.83370906589576,6.21
16.2,43.3,22.6,17.9,0.940649436753294,4.5,-18.0,125.4,214.368,331.2374,151.474,77.359,83.3856008571024,634.1854,17.5428340951814,1.16247230610995,3.27232347,2.83391525442004,6.36
15.4,45.4,21.2,18.0,0.916046170403698,9.0,-18.0,124.51,211.748,329.4498,150.904,76.074,82.4096268320637,631.2578,17.5596233974088,1.14564252945467,3.273388828,2.83483788151217,5.9
14.8,47.6,19.5,18.0,0.895575585100387,13.5,-18.0,126.78,209.131131131131,327.855455455455,150.26026026026,74.6996996996996,81.4441764314387,628.375975975976,17.5728780627667,1.13193272249227,3.27422989389389,2.83556626594253,5.9
13.5,49.1,19.1,18.3,0.863566832016743,18.0,-18.0,125.03,206.709,325.6255,149.942,73.779,80.50389104416,625.5095,17.5985349125788,1.10485553615825,3.27585751999999,2.83697583149828,5.58
12.8,51.2,17.1,18.9,0.852100660345167,22.5,-18.0,126.38,205.356999999999,325.351599999999,149.626,72.91,80.0379706639292,624.603599999999,17.6021628018354,1.09598262530456,3.276093838,2.83718048888966,5.87
12.2,52.7,16.2,18.9,0.832046049300914,27.0,-18.0,127.91,203.284,323.829399999999,149.182,71.929,79.2534315805946,622.1934,17.6163844210221,1.08081706030908,3.276995338,2.83796121079117,5.81
11.3,55.3,14.8,18.7,0.794558636118751,31.5,-18.0,128.32,199.427572427572,320.891208791208,148.323676323676,70.1218781218781,77.7841869517241,617.538561438561,17.6425940992947,1.05336859938153,3.27865478121878,2.83939833077477,5.88
22.3,23.3,41.7,12.7,1.04840591396018,-45.0,-13.5,125.42,227.591,334.039099999999,154.718,85.8889999999999,87.7545154333952,643.475099999999,17.5111045286382,1.23626596712258,3.270255648,2.83212446803754,5.44
22.2,24.7,39.8,13.2,1.05395204114851,-40.5,-13.5,121.87,227.48048048048,334.94034034034,154.572572572572,85.4854854854855,87.8032635884365,644.085485485485,17.5015868981348,1.23944250602447,3.26965856656656,2.83160738034805,5.39
22.1,25.8,37.8,14.3,1.06801337644393,-36.0,-13.5,124.17,228.88,337.3237,154.81,85.71,88.4399491943544,646.9437,17.4809623368179,1.24728830107601,3.26836280399999,2.83048521704814,5.58
21.7,27.9,35.5,14.9,1.06318083197373,-31.5,-13.5,127.66,227.957,337.660899999999,154.505999999999,84.9189999999999,88.1854039881317,646.672899999999,17.4772599954754,1.24465752816341,3.268135112,2.8302880299919,5.65
20.1,30.3,34.2,15.4,1.02805391974951,-27.0,-13.5,127.23,224.849999999999,335.2317,154.019999999999,83.573,87.0184043869456,643.2717,17.5049344086812,1.21884031795465,3.26989302999999,2.83181043163767,5.72
19.9,31.7,32.3,16.0,1.03316664783995,-22.5,-13.5,126.91,224.818818818818,336.192492492492,153.919919919919,83.2192192192192,87.0878326018278,644.032332332332,17.4957107116368,1.22100907278364,3.2693154014014,2.83131019059733,5.92
20.2,33.7,30.4,15.7,1.02306331655703,-18.0,-13.5,122.07,222.913999999999,335.541399999999,153.221999999999,81.963,86.4391259274409,641.985399999999,17.4950654882595,1.22214287572806,3.26927362599999,2.83127401203846,5.55
19.1,35.9,28.4,16.6,1.00844229148145,-13.5,-13.5,124.26,221.584,335.218699999999,153.012,81.169,85.9928358420048,641.2427,17.5020069605181,1.20945724954538,3.269722234,2.8316625179628,6.51
19.2,36.6,26.7,17.5,1.02654166395809,-9.0,-13.5,132.13,223.185,337.6404,153.269999999999,81.512,86.6844854769295,644.1804,17.480066352392,1.21975285713932,3.26834132199999,2.83046661309041,6.8
17.5,38.5,26.0,18.0,0.99146569129005,-4.5,-13.5,124.93,220.34,335.1075,152.92,80.415,85.5879892639732,640.9475,17.510330456468,1.19208397198369,3.27026275,2.83213061854995,6.01
17.1,40.7,24.0,18.2,0.977863068833696,0.0,-13.5,130.1,218.435999999999,334.376699999999,152.387999999999,79.2569999999999,84.923137000172,639.152699999999,17.5151732612081,1.18537618698293,3.270572786,2.83239911760204,6.23
16.1,42.5,22.6,18.8,0.960731327670732,4.5,-13.5,123.74,216.898,333.5517,152.144,78.475,84.3681493737417,637.8397,17.5262191494662,1.17124947752801,3.271278418,2.83301021283976,5.87
16.2,44.5,20.6,18.7,0.952890629426996,9.0,-13.5,127.74,215.195999999999,333.0934,151.537999999999,77.323,83.7806904787732,636.1694,17.5253342171387,1.17120954133628,3.27122326199999,2.83296244634259,5.84
14.8,47.1,19.5,18.5,0.908424434363172,13.5,-13.5,131.17,210.662662662662,329.266866866866,150.65065065065,75.3653653653653,82.041076282903,630.568168168168,17.5622957583618,1.13868373114189,3.27356369769769,2.83498932311272,6.17
14.4,48.0,18.3,19.3,0.910718531392875,18.0,-13.5,132.25,211.137,330.2988,150.786,75.398,82.2645309182517,631.8708,17.5554300327145,1.13917676800412,3.273136198,2.83461909751441,6.22
13.4,50.1,17.3,19.2,0.877093867102466,22.5,-13.5,125.85,207.781,327.5798,150.108,73.905,80.9816441516224,627.7958,17.5813933564497,1.11470556835572,3.274780644,2.83604322952556,5.59
12.1,52.4,16.0,19.5,0.844097601487513,27.0,-13.5,126.63,204.734,325.2577,149.562,72.536,79.8256327729382,624.3817,17.6060539962989,1.08745964839674,3.276346068,2.83739892647725,5.74
11.9,54.3,14.9,19.0,0.819427204214765,31.5,-13.5,130.34,201.768231768231,323.097202797202,148.777222777222,71.060939060939,78.699877627935,620.651648351648,17.6218161756985,1.07371022748645,3.27734113286713,2.8382606779306,6.13
23.7,22.5,40.3,13.5,1.10025398598372,-45.0,-9.0,125.61,232.041,339.146899999999,155.398,87.317,89.5667424362971,649.9429,17.4599820304815,1.26974617211671,3.26702541999999,2.82932700852952,5.65
23.8,24.2,38.4,13.7,1.09737361178067,-40.5,-9.0,125.13,231.211788211788,339.455144855144,155.024975024975,86.5604395604395,89.3430371341438,649.505094905094,17.4536354683782,1.27172494075953,3.2666266073926,2.82898162668017,5.76
23.4,26.2,36.4,14.0,1.08893906896013,-36.0,-9.0,125.58,229.74,339.1058,154.6,85.594,88.8610979146668,648.3058,17.455511781348,1.2669987696507,3.266749644,2.82908817950777,5.76
22.2,27.8,34.5,15.5,1.08691676034018,-31.5,-9.0,124.83,230.103,340.271399999999,154.854,85.572,89.0688996024987,649.979399999999,17.4522105972858,1.25847691360679,3.266554286,2.82891899451693,5.8
22.1,29.4,33.3,15.3,1.07192436839008,-27.0,-9.0,125.39,228.171828171828,339.144555444555,154.301698301698,84.5084915084915,88.3764420625272,647.747952047952,17.4593488006005,1.25386227539564,3.26700569830169,2.82930992903779,5.97
21.0,31.5,31.5,16.0,1.0559105749506,-22.5,-9.0,123.84,226.515,338.397,154.019999999999,83.615,87.7971607029521,646.436999999999,17.4697310399495,1.24046877978801,3.26767054,2.82988569883801,6.08
20.4,32.9,30.0,16.7,1.05144640161688,-18.0,-9.0,129.65,226.098,338.7288,153.954,83.235,87.691876699042,646.6368,17.4689767113909,1.23551838366228,3.26762968999999,2.82985032170026,6.07
20.3,34.5,27.9,17.3,1.05494671830316,-13.5,-9.0,131.36,226.009,339.7771,153.802,82.797,87.7444595250891,647.3811,17.4580904201198,1.2381570420408,3.266946828,2.82925894586099,5.9
20.1,35.9,26.2,17.8,1.05496328479046,-9.0,-9.0,129.76,225.714,340.3997,153.652,82.365,87.6968480348638,647.7037,17.4518496518708,1.23821902250614,3.266557046,2.82892138474705,5.87
18.1,38.3,24.9,18.7,1.0201689674723,-4.5,-9.0,131.22,222.935,338.2037,153.35,81.227,86.6461525109453,644.9037,17.4807233036586,1.21035781947097,3.268394148,2.83051236174839,6.15
18.2,39.8,23.5,18.4,1.01253116019016,0.0,-9.0,127.04,221.223223223223,337.398798798798,152.782782782782,80.1911911911911,86.0365568735068,642.964364364364,17.4834202343915,1.20909097392759,3.26856385585585,2.83065933306278,5.7
17.3,41.9,21.9,18.9,0.992087477642065,4.5,-9.0,129.23,219.325,336.3781,152.41,79.195,85.3503183342042,641.1981,17.4949301633202,1.19588910228737,3.269298112,2.8312952175365,6.03
16.1,44.0,20.3,19.6,0.971534487949015,9.0,-9.0,125.82,217.483,335.3477,152.124,78.274,84.6807294896542,639.5957,17.5086315030211,1.17926270425134,3.270172906,2.83205281136358,5.54
14.8,45.6,19.7,19.8,0.942315978496323,13.5,-9.0,124.99,214.806806806806,332.976576576576,151.721721721721,77.2062062062062,83.648071405741,636.42002002002,17.5348403377481,1.15528019895507,3.27183512712712,2.83349233708638,5.74
14.1,47.3,18.5,20.1,0.923727960529855,18.0,-9.0,126.96,213.075,331.9237,151.37,76.329,83.0104914071107,634.6637,17.5458162518188,1.14293779956284,3.272533592,2.83409722540993,6.01
13.4,49.0,17.3,20.3,0.905214915618984,22.5,-9.0,123.33,211.147,330.6818,150.966,75.368,82.2946547911831,632.6138,17.5581355678286,1.12964422523433,3.273316478,2.8347752245742,5.91
12.7,51.2,15.8,20.4,0.880825574657893,27.0,-9.0,124.3,208.566433566433,329.008891108891,150.375624375624,74.062937062937,81.3329711476618,629.760139860139,17.5732140286462,1.11397360870711,3.27427341258741,2.83560395423666,6.04
11.4,53.3,14.6,20.6,0.850260123802857,31.5,-9.0,138.23,205.498498498498,326.6004004004,149.827827827827,72.7067067067067,80.1640554981597,626.256056056056,17.5985784959368,1.08689516600917,3.27588282682682,2.83699774785321,6.78
24.6,22.7,39.6,13.1,1.11094549249013,-45.0,-4.5,136.56,232.266,339.8922,155.178,87.129,89.7049706866905,650.2482,17.4465072286329,1.28133606369758,3.26616934999999,2.8285856301621,6.63
24.4,24.0,37.3,14.3,1.12549693660007,-40.5,-4.5,132.12,233.627,342.3688,155.406,87.298,90.3368100897967,653.1808,17.4252905126386,1.28639336437442,3.264837218,2.82743197000891,6.53
24.1,25.4,35.7,14.8,1.12330047083393,-36.0,-4.5,130.77,233.189,342.7877,155.252,86.84,90.2374650242348,653.2917,17.4214931545893,1.28454600268929,3.264602106,2.82722835704417,6.17
23.1,27.1,34.5,15.3,1.10508142056699,-31.5,-4.5,132.31,231.507,341.720699999999,154.986,86.035,89.626223602526,651.6927,17.4347118995356,1.27181025858131,3.26544438,2.82795778772512,5.96
22.4,28.3,32.7,16.5,1.11188400761348,-27.0,-4.5,134.79,232.28028028028,343.282082082082,155.223223223223,86.1321321321321,89.9941955901857,653.728528528528,17.4248312830041,1.26937769222037,3.2648299079079,2.82742563928345,6.31
22.2,30.0,30.9,16.9,1.10581674770324,-22.5,-4.5,130.72,231.471,343.4994,154.938,85.454,89.7589156451881,653.375399999999,17.4215565545768,1.26776188401703,3.264627154,2.82725004924849,5.96
21.5,31.8,29.2,17.5,1.09551573265332,-18.0,-4.5,131.95,230.362,343.285499999999,154.706,84.75,89.3927083855277,652.6975,17.4252722122357,1.26033022641635,3.264868776,2.8274593000386,6.14
20.9,34.1,27.3,17.8,1.07711568544159,-13.5,-4.5,130.48,228.273726273726,342.306993006993,154.187812187812,83.5624375624375,88.6557874633678,650.682617382617,17.4337302893504,1.25156775256046,3.26540838961038,2.82792661913343,5.94
19.7,36.0,25.7,18.6,1.06202969715587,-9.0,-4.5,131.04,226.861,341.660899999999,154.007999999999,82.83,88.1569330994448,649.676899999999,17.4444452321019,1.23796521742818,3.266094966,2.82852121172847,6.12
19.0,37.4,24.2,19.4,1.05733696425728,-4.5,-4.5,127.17,226.526,342.051,153.988,82.502,88.0782993307659,650.027,17.4439907131888,1.23213582321995,3.266073912,2.82850297842962,5.9
18.7,39.3,22.7,19.3,1.04114362732948,0.0,-4.5,125.11,224.333,340.7979,153.394,81.3009999999999,87.2815114268193,647.5859,17.4529086777942,1.22545944541067,3.26663920399999,2.82899253566217,5.7
17.6,41.3,21.1,20.0,1.02347505421845,4.5,-4.5,127.33,222.715,339.9912,153.14,80.461,86.701310264609,646.2712,17.4641958634295,1.21175507552356,3.26736109599999,2.82961771247296,6.03
16.4,43.1,20.1,20.4,0.99829334100584,9.0,-4.5,128.38,220.441,338.2348,152.788,79.471,85.8418389912518,643.8108,17.4844157731953,1.19331542722788,3.268645816,2.83073031262971,6.48
15.1,45.5,18.6,20.8,0.968209006699446,13.5,-4.5,129.23,217.538,336.1547,152.264,78.125,84.7539407269656,640.6827,17.5069035563562,1.17185432727063,3.270074598,2.83196767413818,6.49
14.5,46.8,17.6,21.1,0.95586591229739,18.0,-4.5,124.18,216.302,335.458499999999,152.026,77.488,84.3024838305491,639.5105,17.5147528861485,1.16276800753306,3.270575012,2.83240104537459,6.49
14.4,48.5,16.1,21.0,0.944710964060359,22.5,-4.5,125.96,214.557,334.6528,151.495999999999,76.449,83.6724393190493,637.6448,17.5188425426227,1.15890993261287,3.2708345,2.83262576857457,6.6
13.1,50.5,15.1,21.3,0.913761990020597,27.0,-4.5,122.82,211.753,332.3907,151.034,75.245,82.6020123589613,634.458699999999,17.5435909508742,1.13488546703042,3.272405228,2.833986058925,6.3
12.6,51.8,14.3,21.3,0.89720618691642,31.5,-4.5,132.2,209.985,331.1122,150.65,74.4,81.9340822857008,632.4122,17.5554276721294,1.12364151779189,3.273155594,2.83463589494314,6.68
26.2,22.3,37.7,13.8,1.16016583101819,-45.0,0.0,149.42,236.453,345.0654,155.704,88.311,91.4404029830359,656.4734,17.3925244860947,1.31017696273037,3.262757584,2.82563095413433,7.57
25.6,24.0,35.9,14.4,1.15516482530082,-40.5,0.0,151.31,235.617617617617,345.16036036036,155.505505505505,87.6926926926926,91.1903089819966,656.171371371371,17.3928838345697,1.30480985224609,3.2627868028028,2.82565625835983,7.4
24.7,25.3,35.1,15.0,1.13771995340438,-36.0,0.0,143.62,234.52947052947,344.46943056943,155.402597402597,87.2027972027972,90.7941537501794,655.274625374625,17.4035062810885,1.29420756014769,3.26346492907092,2.826243532935,6.66
23.8,26.9,33.3,16.0,1.13428184368791,-31.5,0.0,148.6,234.245,345.020599999999,155.42,86.8729999999999,90.7501320213915,655.8606,17.4026613365265,1.2870262674302,3.26342110799999,2.82620558277435,7.4
22.7,28.6,31.8,16.8,1.12279061822824,-27.0,0.0,147.5,233.142142142142,344.62052052052,155.301301301301,86.2792792792793,90.372356912803,655.223123123123,17.4109686196767,1.27567984192933,3.26395509709709,2.82666803089779,7.15
23.3,29.7,29.4,17.6,1.14283168068408,-22.5,0.0,148.86,234.862,347.6341,155.416,86.451,91.1521995431267,658.4661,17.379761606903,1.28749255132822,3.26198696999999,2.82496358283382,7.5
22.5,30.9,28.2,18.3,1.13774736648398,-18.0,0.0,142.36,234.369369369369,347.686186186186,155.399399399399,86.1321321321321,91.0001948535898,658.484984984985,17.3830005726318,1.28027033618888,3.2621989069069,2.8251471255792,7.22
21.0,33.8,26.5,18.6,1.10090378619576,-13.5,0.0,139.23,230.546546546546,344.833833833833,154.676676676676,84.3793793793793,89.5693667094616,654.187187187187,17.4124018974006,1.259568548445,3.26406492892892,2.8267631480543,6.78
20.1,35.5,25.0,19.4,1.08813738096052,-9.0,0.0,140.59,229.637999999999,344.6717,154.564,83.833,89.2672919217895,653.7997,17.4176690675399,1.25019180708994,3.26440613399999,2.82705864031374,6.83
19.8,36.2,23.7,20.2,1.09709011759809,-4.5,0.0,138.87,230.486486486486,346.102702702702,154.756756756756,83.994994994995,89.6440231472302,655.616216216216,17.4067173791931,1.25094651483234,3.2637202082082,2.82646461115294,6.48
18.2,38.6,22.4,20.8,1.06316336889988,0.0,0.0,146.04,227.56,343.8494,154.32,82.726,88.5409767971869,652.4894,17.4331765134184,1.22932549949498,3.26540182,2.82792092968394,7.18
17.5,40.9,20.9,20.7,1.03698198649031,4.5,0.0,139.87,224.471,341.7015,153.598,81.201,87.3904808989514,648.8975,17.4517510942861,1.21611680709226,3.26657872,2.82894015498165,6.55
16.8,41.8,19.8,21.7,1.03621308762103,9.0,0.0,138.11,224.952047952047,342.632967032967,153.818181818181,81.3056943056943,87.6119775118352,650.26933066933,17.4480426512367,1.21171948999843,3.26635269330669,2.82874441012331,6.37
16.4,44.1,18.1,21.4,1.01438648674216,13.5,0.0,138.11,221.880999999999,340.6548,153.008,79.701,86.4743823533883,646.6708,17.4626872063123,1.20183644388204,3.267279396,2.82954695819747,6.14
15.6,45.4,17.3,21.7,0.997954117124547,18.0,0.0,134.21,220.358999999999,339.5512,152.762,79.012,85.9028179700759,645.0752,17.475423356504,1.18992920984074,3.26808914999999,2.83024822573229,6.09
14.0,47.6,16.4,21.9,0.960437613330028,22.5,0.0,135.15,216.769769769769,336.452452452452,152.18018018018,77.5365365365365,84.5216947644498,640.812812812812,17.5087608054932,1.16166182640096,3.27020314114114,2.83207899576389,6.17
13.1,49.4,15.0,22.5,0.943360041757808,27.0,0.0,135.52,215.344,335.7547,151.942,76.786,84.0066723010738,639.6387,17.5181895616989,1.14916334393691,3.270806188,2.83260124966334,6.35
12.7,50.9,14.1,22.3,0.924219216111472,31.5,0.0,169.06,213.107,334.1159,151.406,75.701,83.1604537622901,636.9279,17.5318115615945,1.13817380822933,3.271668096,2.83334768388706,8.46
27.1,22.0,36.6,14.3,1.18883108924464,-45.0,4.5,130.49,239.108,348.2687,156.074,89.1,92.5325558114548,660.4167,17.3599035599287,1.32432627780055,3.260696488,2.8238459926387,5.94
26.6,23.7,35.1,14.6,1.17736857154497,-40.5,4.5,134.9,237.691,347.6962,155.728,88.269,92.0457523349122,659.1522,17.3651924549849,1.31856143655801,3.26103516,2.82413929119425,6.31
26.0,24.5,33.8,15.8,1.18196596580704,-36.0,4.5,129.72,238.832167832167,349.368631368631,156.077922077922,88.6033966033966,92.5370557534563,661.524475524475,17.3548758235891,1.31549329993661,3.26039244355644,2.8235826824267,6.46
25.2,26.6,31.6,16.6,1.17463542358086,-31.5,4.5,132.15,237.84,349.5044,155.86,87.87,92.237555876118,661.2244,17.3556797588078,1.30836097580862,3.260451788,2.82363407622239,6.35
24.7,27.3,30.7,17.3,1.17478257598551,-27.0,4.5,133.65,238.133,350.1799,155.994,87.901,92.3827223995374,662.167899999999,17.3526868129882,1.30480956785431,3.260268644,2.82347546886584,6.64
23.9,28.6,29.3,18.2,1.17022699661324,-22.5,4.5,144.92,237.960999999999,350.648299999999,156.048,87.68,92.3649129918931,662.7443,17.3525613598547,1.29816738357723,3.260269154,2.8234759105388,7.24
22.8,31.3,27.2,18.7,1.14662032935802,-18.0,4.5,146.91,235.326,349.1776,155.498,86.299,91.4176016979224,660.1736,17.3679309536597,1.28545716132884,3.261248418,2.82432397803981,7.15
22.4,32.3,26.1,19.2,1.14377157783356,-13.5,4.5,140.55,235.069,349.472799999999,155.452,86.035,91.3580306486517,660.3768,17.3666940303465,1.28216581676619,3.26117504799999,2.82426043775593,6.76
21.4,34.3,24.6,19.7,1.12498235220423,-9.0,4.5,142.06,233.144,348.3458,155.102,85.065,90.6594833621943,658.5498,17.3798250068905,1.27071372421517,3.262012018,2.82498527503814,6.94
20.8,36.4,22.8,20.1,1.10944311793594,-4.5,4.5,145.2,231.43956043956,347.663936063936,154.68931068931,84.064935064935,90.062198927458,657.042557442557,17.386245480528,1.2633513405247,3.26242327872127,2.82534143727034,7.06
19.1,37.3,21.8,21.7,1.10678012800868,0.0,4.5,138.9,231.97097097097,348.389089089089,155.171171171171,84.3783783783783,90.2868057568782,658.731431431431,17.3913300374612,1.24931110347456,3.26275937937937,2.82563250897849,6.36
18.5,39.5,20.2,21.8,1.08476029406508,4.5,4.5,140.66,229.51,346.900499999999,154.58,83.089,89.3860112783314,656.0605,17.4041469720704,1.23999017613973,3.263573158,2.826337261937,6.49
17.9,41.3,18.9,22.0,1.0667489277985,9.0,4.5,137.57,227.602397602397,345.756543456543,154.151848151848,82.0999000999001,88.6868827482037,654.060239760239,17.4149137469522,1.23122573819024,3.26425763636363,2.82693003758825,6.61
16.9,43.2,17.8,22.1,1.04240420134434,13.5,4.5,140.4,224.9,343.6873,153.63,80.872,87.6650271362531,650.9473,17.4357282566413,1.21608301233605,3.26557784,2.82807336747551,6.21
15.7,44.8,17.0,22.5,1.01854331625755,18.0,4.5,140.49,222.788,341.9709,153.334,79.9919999999999,86.8603560457818,648.638899999999,17.4560066786752,1.19889574884666,3.266866096,2.82918902989809,6.49
14.6,46.2,16.2,22.9,0.999730518613003,22.5,4.5,140.06,221.016016016016,340.578778778778,153.097097097097,79.2442442442442,86.1882943748883,646.772972972972,17.473038202027,1.18319372128119,3.26794887887887,2.83012674737798,6.74
13.9,48.0,14.8,23.3,0.982983685454989,27.0,4.5,136.28,219.422,339.7603,152.766,78.388,85.6098977583783,645.2923,17.4819030615451,1.17307565375222,3.268514588,2.83061666584802,6.33
13.1,50.1,13.9,23.0,0.949028282637506,31.5,4.5,137.52,215.872127872127,336.847852147852,151.998001998002,76.7972027972028,84.2494849509199,640.843856143856,17.5080937112307,1.15371139742469,3.27017155844155,2.83205164434373,6.74
28.5,21.7,35.1,14.7,1.223834827479,-45.0,9.0,133.34,242.253,352.228499999999,156.414,89.941,93.8396290074188,665.056499999999,17.3172091833183,1.34119894582354,3.25799691599999,2.82150809470735,6.17
27.6,22.8,34.0,15.6,1.21828703468247,-40.5,9.0,133.79,242.1,352.5332,156.52,89.804,93.8156954160656,665.5732,17.3195856526528,1.33366332520959,3.258155632,2.82164554679534,6.37
27.0,24.6,32.3,16.1,1.20819915236563,-36.0,9.0,132.75,240.909,352.260999999999,156.242,89.048,93.4213570657159,664.744999999999,17.3230015006662,1.32775792830868,3.258377458,2.82183765374656,6.47
26.9,25.5,30.6,17.0,1.21803867640873,-31.5,9.0,134.21,242.062,354.2353,156.436,89.229,93.9399641784581,667.1073,17.3058892006712,1.32822118043553,3.25730235,2.82090658290675,6.82
26.0,27.3,29.1,17.6,1.2042850867868,-27.0,9.0,145.57,240.667,353.614,156.196,88.473,93.4509569613923,666.006,17.3144916787295,1.31970692009427,3.257853312,2.82138372999527,6.79
24.5,28.8,28.0,18.7,1.18950771778197,-22.5,9.0,126.08,239.782,353.1405,156.266,88.116,93.1337571506701,665.6725,17.3271243836173,1.30633617439265,3.258663228,2.8220851378262,6.04
23.6,30.0,27.3,19.1,1.17467214458277,-18.0,9.0,143.81,238.423,352.1152,156.094,87.534,92.6242941155289,664.3032,17.3401895995886,1.29716080134273,3.259494546,2.82280508033282,6.77
22.5,32.2,25.1,20.2,1.16412826320241,-13.5,9.0,143.5,237.542999999999,352.316499999999,155.984,86.8959999999999,92.3593766761123,664.2845,17.3428438707389,1.28732625558371,3.259673406,2.82295997763654,6.76
21.5,34.0,24.1,20.4,1.14104466389749,-9.0,9.0,144.5,235.105,350.4435,155.54,85.8019999999999,91.4415389935011,661.5235,17.3624641612137,1.27537853043765,3.260918534,2.8240382901155,7.05
21.1,35.1,22.5,21.3,1.14492558012762,-4.5,9.0,115.19,235.667,351.7667,155.666,85.795,91.7182085425244,663.0987,17.3526235795496,1.27362390161097,3.2603039,2.82350600145748,4.74
19.5,36.7,21.4,22.4,1.12739798739841,0.0,9.0,135.05,234.558,351.0695,155.704,85.357,91.3121377022244,662.4775,17.3676704385029,1.25799692173029,3.261266718,2.8243398263047,6.29
18.6,38.5,20.3,22.6,1.10592725466794,4.5,9.0,139.0,232.263,349.4002,155.264,84.289,90.45315406828,659.9282,17.3848473187781,1.24640779543911,3.262357176,2.82528419063446,6.66
17.7,39.9,19.1,23.3,1.0952650969172,9.0,9.0,137.1,231.417,349.1209,155.186,83.831,90.1602922630023,659.4929,17.3914232208186,1.23730615277666,3.262780336,2.82565065794432,6.81
17.3,41.9,17.7,23.2,1.07486371347023,13.5,9.0,135.32,228.957042957042,347.556543456543,154.55944055944,82.5494505494505,89.2519041863858,656.675424575424,17.4036866917506,1.22974368901023,3.26355726073926,2.82632349450535,6.53
16.0,44.4,16.4,23.2,1.04017074026018,18.0,9.0,134.34,225.115999999999,344.496,153.808,80.8359999999999,87.7908171963332,652.112,17.4337882687332,1.20941319214686,3.26546503999999,2.82797567980996,6.68
15.4,45.8,15.5,23.2,1.02433427764312,22.5,9.0,137.49,223.161161161161,343.076876876876,153.391391391391,79.9069069069069,87.0550987314359,649.859659659659,17.4471512563575,1.19949973295368,3.26631233233233,2.82870945649419,7.13
14.0,47.4,14.6,24.1,1.00160591139428,27.0,9.0,160.62,221.815184815184,342.097902097902,153.338661338661,79.3716283716283,86.5509338749536,648.775224775224,17.4633580646045,1.18187253631066,3.26734647552447,2.82960505076974,8.23
13.2,48.8,13.7,24.3,0.984782544299419,31.5,9.0,153.32,220.023,340.7944,153.013999999999,78.5459999999999,85.8760714588179,646.8224,17.4773368783282,1.16942896104902,3.268234394,2.83037401072604,7.54
29.4,20.4,34.8,15.3,1.25886077845793,-45.0,13.5,151.82,246.003003003003,355.989789789789,157.117117117117,91.3663663663663,95.3159836325206,670.224024024024,17.2816838628492,1.35137166222291,3.25575209009009,2.8195640184423,7.48
28.5,22.6,32.7,16.2,1.24549532672332,-40.5,13.5,150.03,244.898999999999,355.978499999999,156.911999999999,90.6159999999999,94.9700214909947,669.802499999999,17.2847918697984,1.34309050344528,3.255957894,2.81974224985648,7.23
27.9,23.2,31.6,17.3,1.25064088906478,-36.0,13.5,148.84,246.03,357.5183,157.27,90.988,95.4468237302845,672.0583,17.2756971880959,1.33863333615199,3.255391692,2.8192519045408,7.06
27.1,25.1,30.0,17.8,1.2367409412692,-31.5,13.5,149.5,244.472,356.8187,156.956,90.125,94.901595975779,670.7307,17.2839706003745,1.33132298108225,3.25592109,2.81971037665751,7.07
26.4,26.1,28.9,18.5,1.23473188388374,-27.0,13.5,147.76,244.294294294294,357.123923923923,157.001001001001,89.9459459459459,94.8689770361468,671.125925925925,17.2847263939932,1.32572201859279,3.25597566966966,2.81975764403798,7.22
25.9,27.9,27.2,18.9,1.22474323301326,-22.5,13.5,143.16,243.020020020019,356.793093093093,156.676676676676,89.1371371371371,94.4399397858304,670.146446446446,17.2878455515187,1.32079723576726,3.2561779019019,2.81993278228856,6.98
24.5,29.3,25.8,20.4,1.2162162854469,-18.0,13.5,143.32,243.202,357.494499999999,156.976,89.167,94.5506030903557,671.4465,17.2905368935254,1.30936307765287,3.25636153,2.82009180888636,6.9
23.2,31.2,24.3,21.3,1.20014832433022,-13.5,13.5,143.78,241.829,356.824399999999,156.841999999999,88.4859999999999,94.0628583618422,670.508399999999,17.3024529545858,1.29787196405172,3.25712478199999,2.82075280450785,6.72
23.0,32.3,23.5,21.3,1.18941366671135,-9.0,13.5,141.38,240.597402597402,356.100899100899,156.523476523476,87.8241758241758,93.6154972506566,669.147852147852,17.3080449515113,1.29510821251296,3.25747948251748,2.82105998416672,6.62
21.3,34.3,22.1,22.3,1.16964010468621,-4.5,13.5,140.14,238.851,354.9541,156.398,87.067,92.9722645704083,667.7501,17.326534802681,1.27956713919905,3.258659964,2.82208231111928,6.82
20.5,36.3,20.5,22.7,1.15328542147355,0.0,13.5,136.88,236.987,353.972499999999,156.005999999999,86.071,92.3016105533917,665.984499999999,17.3369225593798,1.27104660973168,3.25932246799999,2.82265605641339,6.68
20.1,37.9,19.0,23.0,1.14423814962885,4.5,13.5,136.21,235.794,353.6237,155.692,85.321,91.8905070605772,665.0077,17.3397973003704,1.26669474894906,3.259508238,2.82281693795265,6.56
18.8,38.7,18.7,23.8,1.1306753253073,9.0,13.5,136.52,235.087,352.9116,155.816,85.167,91.6134295974121,664.5436,17.3541787794601,1.2542677558423,3.260425812,2.8236115803465,6.87
17.2,41.5,17.2,24.1,1.09347265614424,13.5,13.5,137.52,231.205999999999,349.8784,155.118,83.445,90.143722959505,660.114399999999,17.3860233692378,1.2340088389856,3.262446406,2.82536146608124,7.12
16.5,42.9,16.2,24.4,1.07934126928327,18.0,13.5,133.74,229.746,348.9585,154.848,82.727,89.6051877223076,658.6545,17.3962868530958,1.22538919120954,3.26309972199999,2.82592725433393,7.34
15.2,44.3,15.3,25.2,1.06252297461416,22.5,13.5,133.24,228.553,348.1264,154.803999999999,82.243,89.1611298246046,657.734399999999,17.4104927953809,1.21101797404527,3.264006688,2.8267127099303,7.02
14.3,45.8,14.1,25.7,1.05003764576066,27.0,13.5,133.16,227.217217217217,347.39049049049,154.598598598598,81.5725725725725,88.6750545327007,656.587687687687,17.4204120154583,1.20055390793978,3.26464018018018,2.82726133025144,7.2
13.7,48.1,13.2,25.1,1.01207752827019,31.5,13.5,132.27,223.067932067932,343.964935064935,153.630369630369,79.6883116883117,87.0845571137874,651.225674325674,17.4490617929946,1.18476202660916,3.26645026573426,2.8288289103243,7.11
30.2,22.2,30.9,16.7,1.28345255380708,-40.5,18.0,153.88,248.779,360.8314,157.341999999999,91.668,96.5750131224428,675.5154,17.232652918169,1.35532047031125,3.252661206,2.81688723430012,6.59
29.4,22.9,30.6,17.2,1.27266338985541,-36.0,18.0,159.05,248.130869130869,360.271528471528,157.360639360639,91.4565434565434,96.3263425750606,674.992807192807,17.2423700729367,1.34932598826737,3.25328082717282,2.81742384197652,8.06
27.4,24.9,29.6,18.1,1.24763995002657,-31.5,18.0,164.85,245.738,358.2558,157.174,90.547,95.4131902427541,672.6038,17.2702680803811,1.33402477017792,3.255055994,2.8189611815448,8.65
27.2,26.0,27.6,19.3,1.25590966473262,-27.0,18.0,153.56,247.1998001998,360.671728271728,157.454545454545,90.8181818181818,96.061998359574,675.580819180819,17.2501947208869,1.33157549926656,3.25379589010988,2.81786989956456,7.43
26.0,27.3,26.7,20.0,1.24398830108079,-22.5,18.0,156.14,246.067,359.902,157.396,90.345,95.6436212457475,674.694,17.2630452654287,1.32233375300628,3.25461633599999,2.81858042654783,7.82
25.2,28.7,25.1,21.0,1.24035209816385,-18.0,18.0,153.86,246.039,360.6124,157.472,90.1469999999999,95.6882898760344,675.556399999999,17.2607469556069,1.3156011125641,3.254480204,2.81846253277756,7.53
24.2,30.3,23.9,21.6,1.22618362374544,-13.5,18.0,155.47,244.663,359.8274,157.284,89.475,95.1907839945653,674.3954,17.2718513561331,1.30721784280884,3.255189372,2.81907669028111,7.68
23.2,31.8,22.7,22.4,1.21313335256349,-9.0,18.0,151.98,243.760239760239,359.486913086913,157.220779220779,89.007992007992,94.8770320642574,673.928471528471,17.2797530975402,1.29861571971635,3.25569715084915,2.81951643966398,7.33
22.1,33.5,21.5,22.9,1.19743057836046,-4.5,18.0,150.49,241.993,358.3157,156.954,88.1829999999999,94.2249404114961,672.2237,17.294359966831,1.28896032804555,3.256627504,2.8203221491271,7.2
21.4,34.9,20.3,23.4,1.18739748286986,0.0,18.0,153.83,240.983,357.9198,156.784,87.621,93.871507742765,671.4878,17.3003362495805,1.28255872158448,3.257011072,2.82065432875918,7.26
19.7,36.7,19.2,24.4,1.16625206232252,4.5,18.0,147.18,239.344,356.7169,156.712,86.969,93.2583136993694,670.1409,17.3199116070196,1.26715620955965,3.258259898,2.82173584380009,7.09
18.9,38.9,17.7,24.5,1.1439533246158,9.0,18.0,147.06,236.642999999999,354.9093,156.114,85.6289999999999,92.2568229013442,667.1373,17.3366716531128,1.25775429900049,3.259323488,2.8226569397593,7.06
18.3,39.7,16.5,25.6,1.14620337629366,13.5,18.0,140.2,237.560439560439,356.312787212787,156.413586413586,85.8881118881119,92.6524822241312,669.13996003996,17.3285249731216,1.25388480124748,3.25881722077922,2.822218499485,6.71
17.1,41.8,15.5,25.6,1.11736044351021,18.0,18.0,140.12,234.195,353.5447,155.78,84.424,91.3676283833612,665.1047,17.3562250027223,1.23952033236225,3.260572662,2.82373875617705,6.65
15.7,43.1,14.8,26.3,1.10033514406641,22.5,18.0,137.91,232.761761761761,352.359259259259,155.711711711711,83.8918918918919,90.8216240761651,663.782682682682,17.3740862592018,1.22490808273116,3.26171036236236,2.82472403359275,6.59
14.7,45.3,13.8,26.2,1.06707345456571,27.0,18.0,142.88,229.278,349.5279,155.004,82.343,89.4921267422447,659.5359,17.4009812794964,1.20944735973986,3.263413618,2.82619909624408,6.87
13.5,46.9,13.2,26.3,1.04058215060837,31.5,18.0,139.33,226.531531531531,347.112612612612,154.558558558558,81.2272272272272,88.4325502916557,656.229729729729,17.4267822464866,1.19196342313189,3.26504925725725,2.82761560139229,6.87
30.8,20.9,31.3,17.0,1.30307684242015,-40.5,22.5,166.68,251.365,363.0996,157.88,92.773,97.5675098349855,678.8596,17.2119419850515,1.35882410414875,3.251351548,2.81575303720185,8.4
29.2,22.7,29.6,18.5,1.29261252782462,-36.0,22.5,167.6,250.994,363.4104,158.062,92.537,97.4739064847613,679.5344,17.2183559295199,1.34660663079306,3.251771334,2.81611658254201,8.54
29.0,23.6,28.0,19.4,1.29860330445986,-31.5,22.5,158.59,252.004,365.181,158.252,92.692,97.9302375877849,681.685,17.2036870397246,1.34305286056382,3.250850896,2.8153194598514,8.42
28.0,25.6,27.2,19.3,1.27039329814163,-27.0,22.5,160.37,248.666333666333,362.37962037962,157.598401598401,91.2457542457542,96.6576866137844,677.576423576423,17.2307838746719,1.33679412186382,3.25256683116883,2.81680550329885,7.6
27.3,26.2,26.0,20.5,1.27723772858096,-22.5,22.5,162.06,249.942,364.0801,158.006,91.678,97.1917212004191,680.0921,17.2208847475367,1.3307436214609,3.251950704,2.81627192151868,7.93
26.1,28.2,24.6,21.1,1.25859968558278,-18.0,22.5,157.06,247.956,362.8077,157.698,90.734,96.4635255415227,678.2037,17.2367589439259,1.32180845426978,3.25296214,2.81714785078899,8.06
25.1,29.5,23.1,22.3,1.2551224210609,-13.5,22.5,155.0,248.173,363.6547,157.894,90.695,96.5957211435889,679.4427,17.2350895095292,1.31358752738012,3.252867368,2.81706577582942,7.53
23.6,31.1,22.2,23.0,1.23765254244539,-9.0,22.5,151.77,246.367367367367,362.215415415415,157.739739739739,89.9779779779779,95.9122198757231,677.694894894894,17.2551875090559,1.30249079154178,3.25414687087087,2.81817385781981,7.61
22.9,32.5,21.0,23.6,1.22646854308574,-4.5,22.5,151.04,245.522,361.979299999999,157.616,89.487,95.623895097146,677.211299999999,17.260100042695,1.29639805079522,3.25446370599999,2.81844824509045,7.36
21.6,34.5,19.8,24.1,1.20397626914949,0.0,22.5,148.24,243.168,360.2412,157.254,88.439,94.7417146266627,674.7492,17.2805612498381,1.28534742606465,3.255764686,2.81957492682026,7.32
20.5,35.7,18.9,25.0,1.19215834802996,4.5,22.5,149.93,242.591408591408,360.018481518481,157.320679320679,88.1898101898101,94.5406809307926,674.65984015984,17.2888414809096,1.2760636028021,3.25629696503496,2.82003589398644,7.16
18.6,37.4,17.7,26.4,1.1748314751065,9.0,22.5,146.34,241.648351648351,359.476723276723,157.468531468531,87.8531468531468,94.1994037679213,674.413786213786,17.3047426115348,1.26004130575493,3.25731638361638,2.82091873637504,7.35
18.4,38.6,16.9,26.1,1.16348312762978,13.5,22.5,147.23,239.771,358.1428,156.978,86.912,93.4976873981383,672.0988,17.3146788636464,1.25702339113899,3.257944158,2.8214624049391,6.99
16.8,40.6,15.7,26.8,1.14059064587425,18.0,22.5,144.61,237.489489489489,356.414014014014,156.706706706706,85.9449449449449,92.6386353840278,669.827427427427,17.3371852465739,1.24134136434634,3.25937648848848,2.82270283952874,7.17
16.4,42.4,14.1,27.1,1.12802226232741,22.5,22.5,149.0,236.083,355.9288,156.334,85.082,92.1464181984302,668.5968,17.3409993290026,1.23662101928949,3.259621634,2.82291514176934,7.05
15.3,42.9,14.0,27.8,1.11769418365133,27.0,22.5,173.22,235.68,355.4221,156.5,85.067,91.9828959119574,668.4221,17.3527253566494,1.22629244730115,3.260370046,2.82356328557383,7.68
14.3,45.5,12.7,27.5,1.08228885251147,31.5,22.5,165.35,231.469,352.0791,155.582,83.143,90.3807456964701,663.2431,17.3828296008223,1.21106444839793,3.2622754,2.82521337054104,9.0
30.9,21.5,28.9,18.7,1.32567951086331,-36.0,27.0,171.45,254.847,367.6373,158.566,93.7949999999999,99.0198025232831,684.769299999999,17.1728818286258,1.35365250748951,3.248893412,2.8136242289799,8.76
30.1,23.3,27.2,19.4,1.31578518072483,-31.5,27.0,169.46,253.82,367.4817,158.38,93.143,98.6822163388621,684.2417,17.1768972959302,1.34738813408589,3.24915483,2.8138506236089,8.73
29.2,24.4,26.0,20.4,1.31170694285616,-27.0,27.0,167.19,253.892,368.0484,158.536,93.084,98.7477904603439,685.1204,17.1771301647103,1.34015483778678,3.24917867199999,2.81387127138658,8.55
28.0,25.5,25.0,21.5,1.30476295625701,-22.5,27.0,160.15,253.76,368.266,158.73,93.025,98.7220502218222,685.726,17.1825496635355,1.33158766843538,3.24953164999999,2.81417695930156,7.91
26.8,26.9,24.1,22.2,1.29092257322557,-18.0,27.0,161.42,252.484999999999,367.375599999999,158.64,92.4889999999999,98.2490379301497,684.655599999999,17.196455796175,1.323981731158,3.25041881999999,2.81494527105903,7.82
25.5,29.0,22.3,23.2,1.27649689903169,-13.5,27.0,156.62,251.175,366.9275,158.5,91.776,97.7973472032856,683.9275,17.2061697444131,1.31436255952057,3.251043662,2.81548640010438,7.44
24.3,30.9,20.9,23.9,1.2600749223833,-9.0,27.0,154.72,249.495,365.9371,158.27,90.9649999999999,97.1865159152749,682.4771,17.2199295963822,1.30577775740418,3.25192199199999,2.81624705619729,6.98
23.8,31.7,19.9,24.6,1.25903145168068,-4.5,27.0,156.85,249.707,366.5926,158.376,90.941,97.3021732044048,683.3446,17.2169073944285,1.30134919605125,3.25173708,2.81608691770783,7.43
22.2,32.6,19.2,25.9,1.25244027794144,0.0,27.0,158.29,249.678678678678,366.666066066066,158.714714714714,91.052052052052,97.2995304909993,684.095495495495,17.2267635698292,1.29003031020927,3.25237261061061,2.8166373033615,7.52
20.9,35.1,18.1,25.8,1.21931196291885,4.5,27.0,151.47,245.565565565565,363.252552552552,157.911911911911,89.2592592592592,95.7302289755052,679.076376376376,17.2599733093665,1.28026930827522,3.25447609809809,2.81845897696221,7.77
20.5,36.3,16.7,26.5,1.21544151390842,9.0,27.0,153.6,245.537,363.9285,157.906,89.035,95.7685054898007,679.7405,17.2554657383202,1.27641550589031,3.25419725599999,2.81821749262161,7.16
19.0,37.5,16.2,27.2,1.199271330817,13.5,27.0,152.89,244.053053053053,362.569569569569,157.863863863863,88.5365365365365,95.1943648344026,678.297297297297,17.2757012761504,1.26470605385871,3.25548516916916,2.81933285814398,7.43
17.6,39.0,15.5,27.9,1.17741109632309,18.0,27.0,180.05,242.353,361.1492,157.734,87.888,94.5456373863966,676.6172,17.295524310732,1.25251922810371,3.25674671399999,2.82042538801549,7.31
16.5,40.9,14.4,28.2,1.15493251632504,22.5,27.0,180.82,239.916,359.314499999999,157.308,86.791,93.6278434588237,673.930499999999,17.3154151547182,1.24160577463291,3.25800986999999,2.82151931320043,9.75
15.1,42.7,13.9,28.3,1.12354772951336,27.0,27.0,177.46,236.681,356.3647,156.798,85.515,92.3740936369608,669.9607,17.346952686546,1.22595087695277,3.260008552,2.82325022258652,9.42
14.2,44.4,12.5,29.0,1.10957674815273,31.5,27.0,126.28,235.542457542457,355.92947052947,156.633366633366,84.8901098901099,91.9735509818203,669.196203796203,17.3544214376993,1.21692353472391,3.2604882077922,2.82366561668764,8.93
31.3,22.0,26.4,20.3,1.34893253592753,-31.5,31.5,179.16,258.614,372.5441,159.242,94.872,100.589255965038,691.0281,17.1286642982893,1.34632754831091,3.246107908,2.81121191175355,10.3
29.8,23.3,25.2,21.7,1.34120201344366,-27.0,31.5,176.2,258.566,372.8966,159.518,94.859,100.600399147816,691.9326,17.1349247137827,1.33618082128618,3.246516738,2.81156596891938,9.4
28.1,24.8,24.6,22.4,1.32418440946521,-22.5,31.5,170.61,256.565565565565,371.078778778778,159.385385385385,94.1491491491491,99.826732062319,689.849549549549,17.1598434457796,1.32876407111288,3.2481013033033,2.812938242726,9.02
27.6,26.5,22.8,23.1,1.31573525740553,-18.0,31.5,165.87,255.978,371.4432,159.234,93.619,99.6664765475332,689.9112,17.1577331341261,1.32341815859465,3.247974666,2.81282857160427,8.56
26.6,27.8,21.7,23.8,1.3084797349127,-13.5,31.5,166.56,255.139139139139,371.091291291291,159.185185185185,93.2002002002002,99.3722584847852,689.461661661661,17.1656122758234,1.31706677827445,3.24848045645645,2.81326659898855,8.03
25.3,29.4,20.7,24.6,1.29098836483264,-9.0,31.5,169.17,253.714999999999,370.1081,159.08,92.596,98.8442156820519,688.2681,17.1809291325173,1.30913201547274,3.249457694,2.8141129115268,7.95
24.1,30.4,19.4,26.1,1.28970038842663,-4.5,31.5,175.3,254.564,371.3937,159.502,92.904,99.2108524729023,690.3977,17.1778034852597,1.29919843381784,3.249272944,2.81395291333345,8.42
22.8,32.0,18.5,26.6,1.27390018189655,0.0,31.5,166.45,252.6006006006,369.845445445445,159.257257257257,92.085085085085,98.4683482831493,688.35995995996,17.1972439219083,1.29177670023176,3.25050921721721,2.81502355734558,8.44
22.0,34.0,17.2,26.8,1.2531657529154,4.5,31.5,165.46,250.22,368.23,158.76,90.924,97.5854760709809,685.75,17.2130566747464,1.28636878392228,3.251513248,2.81589307350965,8.99
21.2,34.3,16.7,27.8,1.25403251882588,9.0,31.5,161.01,251.083,369.1604,159.144,91.331,97.9311182117308,687.4484,17.2110801823996,1.28012047252071,3.25139656399999,2.81579202220143,8.15
19.3,36.9,15.8,28.0,1.21631713490398,13.5,31.5,159.34,246.71,365.2941,158.44,89.563,96.2457109649567,682.1741,17.252457115599,1.26719784179488,3.254019578,2.81806361895991,8.42
18.4,37.2,15.5,28.9,1.2141849909743,18.0,31.5,161.52,247.204999999999,365.758799999999,158.77,89.866,96.4397622892134,683.2988,17.2550676340062,1.26046872376702,3.254192438,2.81821332011121,8.22
17.2,39.4,13.7,29.6,1.19860494585657,22.5,31.5,162.76,245.341341341341,364.813213213213,158.46046046046,88.8958958958958,95.7703315921487,681.734134134134,17.2676723509711,1.25046600072224,3.25499817417417,2.81891110810679,7.98
15.8,41.2,12.7,30.3,1.17564791449993,27.0,31.5,161.72,243.397,363.3306,158.245999999999,88.082,95.0375234767825,679.8226,17.2874156460756,1.23843015544696,3.256254902,2.8199994663296,7.79
15.2,42.3,12.7,29.8,1.15247444975283,31.5,31.5,159.62,240.523,360.5784,157.664,86.931,93.9136616962622,675.9064,17.3124722925696,1.23151495165596,3.257837844,2.82137033431432,8.01
31.2,22.6,24.0,22.2,1.36639642363739,-27.0,36.0,160.84,262.26,377.1984,160.02,95.9979999999999,102.09968668708,697.2384,17.0902037611545,1.33339302650554,3.243689364,2.80911739120938,7.91
29.8,24.7,22.7,22.8,1.34757402260921,-22.5,36.0,163.85,259.907,375.4986,159.676,94.9469999999999,101.221806944452,694.8506,17.110935521809,1.32858303780955,3.245008372,2.81025968564518,7.82
27.9,25.6,22.5,24.0,1.33464024589894,-18.0,36.0,159.56,259.161,374.5923,159.948,94.894,100.916936646432,694.4883,17.131373803746,1.31991562517437,3.246312702,2.8113892685601,7.7
26.8,26.6,21.4,25.3,1.32934722419672,-13.5,36.0,163.53,259.62937062937,375.442157842157,160.267732267732,95.05994005994,101.129787890455,695.977622377622,17.1312956906593,1.31103861375479,3.24631899900099,2.81139472192293,8.21
26.6,28.1,19.6,25.7,1.32729708441441,-9.0,36.0,160.6,259.102,375.8982,160.046,94.5069999999999,100.993920275925,695.9902,17.1259655235682,1.30739035944124,3.245986354,2.81110664290162,7.67
24.9,29.9,19.2,26.1,1.30014657924322,-4.5,36.0,160.29,256.042957042957,373.010289710289,159.668331668331,93.3766233766233,99.802684499254,692.346953046953,17.15957794534,1.30175806207525,3.24811859340659,2.81295321639468,8.21
23.4,31.3,18.0,27.3,1.2916602521488,0.0,36.0,157.51,255.534,372.931799999999,159.822,93.163,99.6342017015241,692.5758,17.1689208448002,1.29191712884231,3.248721234,2.81347511845792,8.0
22.7,32.5,17.1,27.7,1.28196531148182,4.5,36.0,155.35,254.460999999999,372.313899999999,159.657999999999,92.6329999999999,99.2445312969434,691.629899999999,17.1770992403721,1.2875227836022,3.24924321199999,2.81392716466614,7.97
21.6,33.5,16.2,28.8,1.27426564770996,9.0,36.0,159.11,254.484515484515,372.642557442557,159.878121878121,92.6453546453546,99.2764740227659,692.398801198801,17.1812583657187,1.27940792898746,3.24951605994006,2.8141634579136,7.92
20.1,35.0,15.6,29.3,1.25558944584827,13.5,36.0,135.23,252.317999999999,370.7097,159.654,91.83,98.4409592877883,690.0177,17.2055988933447,1.27102749622327,3.251062448,2.81550266925762,7.83
18.5,36.7,14.4,30.4,1.23979709201188,18.0,36.0,149.74,251.128,369.9925,159.664,91.3369999999999,98.0070767967803,689.3205,17.220616496164,1.25976068516621,3.252023498,2.81633496297193,8.69
17.6,38.1,13.3,31.0,1.22858842123241,22.5,36.0,151.16,250.057,369.4512,159.536,90.801,97.6230251405886,688.5232,17.2293359987587,1.25296891672434,3.252581532,2.8168182345921,6.94
16.5,39.5,13.3,30.7,1.20080328546809,27.0,36.0,183.6,246.675,366.1445,158.95,89.511,96.296902570903,684.0445,17.2622347267406,1.24519315729656,3.254662772,2.81862064130348,7.93
30.7,23.5,22.5,23.3,1.36828384362089,-22.5,40.5,178.48,263.291,378.8819,160.298,96.231,102.553759757748,699.4779,17.07857790085,1.32501499876517,3.242963188,2.80848850434577,8.0
30.0,24.6,21.1,24.4,1.36441578512537,-18.0,40.5,178.3,263.796203796203,379.998001998002,160.505494505494,96.2887112887112,102.797496769088,701.008991008991,17.0730423452841,1.31692727174459,3.24262248151848,2.80819344387754,9.98
28.2,25.4,20.3,26.1,1.36170082371271,-13.5,40.5,179.21,264.477,380.7454,161.066,96.72,103.071314069434,702.8774,17.079086473777,1.30571332508183,3.243019874,2.8085375958618,9.09
26.2,26.8,19.8,27.2,1.34519455191489,-9.0,40.5,176.28,262.957999999999,379.2734,161.144,96.288,102.477421091672,701.5614,17.1039654857974,1.29874024500307,3.244604908,2.80991027557167,9.52
25.0,28.8,18.2,27.9,1.3330535853685,-4.5,40.5,177.9,261.272272272272,378.381381381381,160.892892892892,95.4344344344344,101.872201544137,700.167167167167,17.1164775201998,1.29270700103772,3.24540458658658,2.81060281754251,9.5
24.3,29.7,17.9,28.2,1.31861312204535,0.0,40.5,171.62,260.067932067932,377.325774225774,160.74925074925,94.9670329670329,101.40914614787,698.824275724275,17.12931157354,1.29029977517935,3.24621969430569,2.81130872153408,8.96
23.0,31.3,16.6,29.1,1.30851504429609,4.5,40.5,173.86,259.012,376.833,160.706,94.463,101.034659402108,698.245,17.1401096756235,1.28272199962496,3.246912182,2.81190843346916,9.15
21.1,32.7,15.5,30.6,1.29914592968704,9.0,40.5,184.63,258.608608608608,376.729429429429,160.994994994995,94.3803803803803,100.898706589995,698.719419419419,17.1527886248995,1.27103340676515,3.24772849049049,2.81261537735925,8.54
20.5,34.5,14.7,30.2,1.27823351431338,13.5,40.5,184.61,255.389389389389,374.096596596596,160.266266266266,92.9209209209209,99.6727425506066,694.629129129129,17.1755196088846,1.27002368804159,3.24916561961961,2.81385996769359,8.6
19.4,35.3,14.0,31.2,1.27253357792505,18.0,40.5,183.37,255.418418418418,374.316116116116,160.498498498498,92.9749749749749,99.6987654066156,695.313113113113,17.1807322791368,1.26234945793667,3.24950444444444,2.81415339859932,10.2
17.4,37.6,13.5,31.5,1.23484733760787,22.5,40.5,179.19,251.301,370.4538,159.918,91.414,98.0966860327095,690.2898,17.2236510970576,1.25139530367323,3.252225342,2.81650976500353,9.76
28.9,25.1,19.3,26.8,1.3738008749126,-13.5,45.0,177.43,267.214785214785,383.941358641358,161.520479520479,97.5984015984016,104.18234563569,706.982317682317,17.0483518540008,1.29856650365128,3.24107957842157,2.80685725060004,9.78
27.7,26.1,18.9,27.3,1.36501771464804,-9.0,45.0,180.23,265.895,382.7309,161.45,97.141,103.671230114482,705.6309,17.0653755251864,1.29637973968762,3.24216236,2.8077949669537,9.21
25.7,27.7,17.7,28.8,1.35507225942071,-4.5,45.0,177.26,265.193193193193,382.389289289289,161.679679679679,96.9249249249249,103.422101945427,705.748648648648,17.0803669507197,1.28661792276022,3.24312519919919,2.80862881015997,9.21
24.2,28.9,17.0,29.9,1.34190086040636,0.0,45.0,170.42,264.472,381.853399999999,161.826,96.719,103.152387516237,705.5054,17.0943420960119,1.27963197205717,3.244019582,2.80940336838617,9.29
23.7,30.4,15.8,30.1,1.33176204886964,4.5,45.0,174.05,262.992,381.0589,161.486,95.92,102.619278325273,704.0309,17.1018331038905,1.27751561518912,3.244496664,2.80981653351786,8.89
23.0,30.9,15.6,30.5,1.32595357975599,9.0,45.0,149.04,262.486,380.581,161.518,95.775,102.422553241461,703.617,17.1102162924011,1.27471433066988,3.245031018,2.81027929765647,8.51
21.1,32.4,14.2,32.4,1.31553755276317,13.5,45.0,165.8,262.752247752247,381.267432567432,161.964035964035,95.9250749250749,102.55899460921,705.195504495504,17.1166921804264,1.26167344756635,3.24545745254745,2.81064860080762,8.81
