num_valence_electrons,lattice_const,tetragonality,formation_energy,polarization_fermi,heusler_type
16,5.49,1.561,0.046,0.1,Full Heusler
16,5.43,1.5893,-0.013999999999999999,36.93,Full Heusler
16,5.66,1.5583,0.191,34.28,Full Heusler
17,5.34,1.5993,-0.122,19.59,Full Heusler
17,5.39,1.6104,-0.087,10.09,Full Heusler
17,5.66,1.5565,0.032,45.39,Full Heusler
18,5.18,1.6911,-0.322,0.0,Full Heusler
18,5.31,1.6742,-0.162,0.0,Full Heusler
18,6.5342,0.9988,0.042,5.26,Full Heusler
17,6.16,1.0,-0.024,8.6,Full Heusler
17,6.1358,0.9952,-0.039,4.9,Full Heusler
17,6.3622,0.9998,0.205,18.85,Full Heusler
18,5.8997,1.0590000000000002,-0.253,0.03,Full Heusler
18,5.18,1.6564,-0.21899999999999997,0.02,Full Heusler
18,5.8782,1.2673,-0.013999999999999999,0.02,Full Heusler
19,5.04,1.6766,-0.49200000000000005,0.0,Full Heusler
19,5.1770000000000005,1.6492,-0.281,0.0,Full Heusler
19,6.32,1.0,-0.05,13.05,Full Heusler
18,6.03,1.0,-0.087,0.0,Full Heusler
18,6.03,1.0,-0.09699999999999999,0.0,Full Heusler
18,6.25,1.0,0.218,0.01,Full Heusler
19,5.72,1.1031,-0.307,0.0,Full Heusler
19,5.68,1.1761,-0.177,0.0,Full Heusler
19,5.94,1.1599,0.032,0.02,Full Heusler
20,5.41,1.2662,-0.42100000000000004,0.0,Full Heusler
20,5.16,1.5659,-0.222,0.0,Full Heusler
20,6.24,1.0,0.002,81.02,Full Heusler
19,5.96,1.0,-0.052000000000000005,91.93,Full Heusler
19,5.6588,1.1587,-0.051,0.0,Full Heusler
19,6.21,1.0,0.306,38.99,Full Heusler
20,5.568,1.1595,-0.248,0.0,Full Heusler
20,5.5191,1.2431,-0.10300000000000001,0.0,Full Heusler
20,6.24,1.0,0.132,71.38,Full Heusler
21,5.0183,1.5324,-0.37799999999999995,10.54,Full Heusler
21,5.1692,1.5030000000000001,-0.127,2.95,Full Heusler
21,5.4071,1.4828,0.10099999999999999,42.04,Full Heusler
20,5.96,1.0,-0.075,27.41,Full Heusler
20,5.2009,1.4615,-0.078,22.35,Full Heusler
20,6.31,1.0,0.244,34.48,Full Heusler
21,4.9331,1.652,-0.318,13.4,Full Heusler
21,5.3965,1.3275,-0.157,20.92,Full Heusler
21,6.32,1.0,0.071,48.97,Full Heusler
22,4.9367,1.5977,-0.47,42.86,Full Heusler
22,5.0731,1.5509,-0.221,40.59,Full Heusler
22,6.28,1.0,0.040999999999999995,44.8,Full Heusler
21,4.9285,1.6927,-0.147,12.82,Full Heusler
21,5.0109,1.6379,-0.129,28.24,Full Heusler
21,6.21,1.0,0.28800000000000003,41.86,Full Heusler
22,5.86,1.0,-0.255,18.92,Full Heusler
22,5.96,1.0,-0.128,27.75,Full Heusler
22,5.2012,1.6185,0.013999999999999999,31.81,Full Heusler
23,4.9363,1.5625,-0.494,44.8,Full Heusler
23,4.9572,1.6374,-0.235,25.94,Full Heusler
23,5.1592,1.6446,-0.027000000000000003,22.82,Full Heusler
22,4.8925,1.7232,-0.221,0.14,Full Heusler
22,4.9264,1.6825,-0.184,0.0,Full Heusler
22,6.2,1.0,0.313,63.65,Full Heusler
23,4.8494,1.6761,-0.42,0.0,Full Heusler
23,4.9455,1.6546,-0.264,0.29,Full Heusler
23,5.1370000000000005,1.6740000000000002,-0.05,3.77,Full Heusler
24,4.8591,1.6121,-0.5529999999999999,0.02,Full Heusler
24,4.9811,1.6124,-0.303,0.05,Full Heusler
24,5.1663,1.6342,-0.109,0.02,Full Heusler
23,4.9115,1.7241,-0.29100000000000004,0.0,Full Heusler
23,4.952,1.6784,-0.25,0.0,Full Heusler
23,5.1417,1.6933,0.052000000000000005,0.0,Full Heusler
24,4.9295,1.6188,-0.461,0.0,Full Heusler
24,5.0215,1.6023,-0.32299999999999995,0.0,Full Heusler
24,5.1991,1.6346,-0.139,0.0,Full Heusler
25,4.9483,1.5557,-0.556,0.0,Full Heusler
25,5.0667,1.557,-0.335,0.01,Full Heusler
25,5.239,1.5891,-0.16699999999999998,0.0,Full Heusler
18,6.3429,1.0001,0.11900000000000001,93.06,Full Heusler
18,6.31,1.0,0.138,88.23,Full Heusler
18,6.56,1.0,0.265,92.46,Full Heusler
19,6.1227,1.0004,-0.035,78.57,Full Heusler
19,6.21,1.0,0.049,78.76,Full Heusler
19,6.47,1.0,0.081,87.85,Full Heusler
20,5.9823,1.0004,-0.08800000000000001,95.99,Full Heusler
20,6.1469,0.9949,0.066,96.85,Full Heusler
20,6.3895,0.9995,0.083,98.13,Full Heusler
19,6.096,1.0002,-0.008,28.16,Full Heusler
19,6.0763,1.0004,0.016,39.51,Full Heusler
19,6.35,1.0,0.24100000000000002,68.08,Full Heusler
20,5.91,1.0,-0.252,15.92,Full Heusler
20,6.0,1.0,-0.114,18.73,Full Heusler
20,6.2865,0.9988,0.016,81.83,Full Heusler
21,5.7976,1.0001,-0.36200000000000004,5.2,Full Heusler
21,5.9565,1.0017,-0.136,65.11,Full Heusler
21,6.2179,0.9990000000000001,-0.033,86.72,Full Heusler
20,5.93,1.0,-0.055,31.65,Full Heusler
20,5.93,1.0,-0.02,6.48,Full Heusler
20,6.25,1.0,0.272,46.41,Full Heusler
21,5.81,1.0005,-0.28800000000000003,53.98,Full Heusler
21,5.9082,1.0,-0.115,83.36,Full Heusler
21,6.18,1.0,0.078,64.35,Full Heusler
22,5.66,1.0,-0.364,13.01,Full Heusler
22,5.84,1.0,-0.071,23.18,Full Heusler
22,6.11,1.0,0.10300000000000001,93.35,Full Heusler
21,5.9114,1.0002,-0.021,64.28,Full Heusler
21,5.92,1.0,0.035,46.04,Full Heusler
21,6.25,1.0,0.344,68.56,Full Heusler
22,5.73,1.0,-0.16899999999999998,41.4,Full Heusler
22,5.86,1.0,0.032,92.88,Full Heusler
22,6.2051,0.9983,0.239,99.84,Full Heusler
23,5.6071,1.0028,-0.201,0.0,Full Heusler
23,5.84,1.0,0.083,90.67,Full Heusler
23,6.14,1.0,0.265,99.93,Full Heusler
22,5.9167,0.9999,0.002,97.35,Full Heusler
22,5.9347,1.0013,0.04,89.59,Full Heusler
22,6.27,1.0,0.337,62.99,Full Heusler
23,5.78,1.0,-0.162,84.44,Full Heusler
23,5.91,1.0,-0.006999999999999999,92.23,Full Heusler
23,6.21,1.0,0.18100000000000002,95.76,Full Heusler
24,5.6774,0.9993,-0.268,41.82,Full Heusler
24,5.85,1.0,-0.006,80.55,Full Heusler
24,6.13,1.0,0.171,95.17,Full Heusler
23,5.8518,0.9991,0.099,82.06,Full Heusler
23,5.89,1.0,0.11,50.67,Full Heusler
23,6.16,1.0,0.45,53.19,Full Heusler
24,5.7185,1.0021,-0.134,5.54,Full Heusler
24,5.84,1.0,0.049,40.46,Full Heusler
24,5.0667,1.6458,0.292,47.51,Full Heusler
25,5.6248,0.9997,-0.223,13.2,Full Heusler
25,5.8006,0.9947,0.076,0.02,Full Heusler
25,6.06,1.0,0.29600000000000004,61.58,Full Heusler
24,5.8919,0.9986,0.125,75.95,Full Heusler
24,5.8906,1.001,0.162,79.2,Full Heusler
24,6.1978,1.001,0.47700000000000004,66.54,Full Heusler
25,4.7767,1.6358,-0.265,0.0,Full Heusler
25,4.8726,1.6211,-0.052000000000000005,0.0,Full Heusler
25,6.19,1.0,0.319,83.49,Full Heusler
26,5.5397,1.0331,-0.16,34.48,Full Heusler
26,4.9214,1.5768,0.013999999999999999,57.4,Full Heusler
26,5.1399,1.5723,0.22399999999999998,66.97,Full Heusler
25,6.0,1.0,0.153,66.55,Full Heusler
25,5.99,1.0,0.16899999999999998,68.79,Full Heusler
25,6.3,1.0,0.409,26.7,Full Heusler
26,4.8237,1.6169,-0.215,0.0,Full Heusler
26,4.9228,1.598,-0.031,7.82,Full Heusler
26,6.27,1.0,0.273,0.79,Full Heusler
27,5.4831,1.0761,-0.191,0.0,Full Heusler
27,5.0664,1.4838,0.043,69.21,Full Heusler
27,5.178999999999999,1.5627,0.215,65.14,Full Heusler
20,6.16,1.0,-0.111,88.78,Full Heusler
20,5.63,1.3677,-0.111,31.71,Full Heusler
20,6.52,1.0,0.055999999999999994,37.22,Full Heusler
21,5.9449,1.0011,-0.25,93.9,Full Heusler
21,6.04,1.0,-0.128,84.94,Full Heusler
21,6.48,1.0,-0.083,47.79,Full Heusler
22,5.82,1.0,-0.313,96.18,Full Heusler
22,5.975,0.9998,-0.11699999999999999,96.41,Full Heusler
22,6.2319,0.9996,-0.067,97.14,Full Heusler
21,5.95,1.0,-0.33799999999999997,75.34,Full Heusler
21,5.94,1.0,-0.28600000000000003,77.07,Full Heusler
21,6.22,1.0,-0.013000000000000001,12.55,Full Heusler
22,5.77,1.0,-0.535,93.46,Full Heusler
22,5.87,1.0,-0.35100000000000003,94.28,Full Heusler
22,6.13,1.0,-0.17,96.98,Full Heusler
23,5.6621,1.0001,-0.614,0.09,Full Heusler
23,5.82,1.0,-0.34600000000000003,70.55,Full Heusler
23,6.07,1.0,-0.214,88.3,Full Heusler
22,5.8019,0.9994,-0.31,98.05,Full Heusler
22,5.8044,1.001,-0.225,94.78,Full Heusler
22,6.25,1.0,0.09300000000000001,7.49,Full Heusler
23,5.65,1.0,-0.517,73.16,Full Heusler
23,5.75,1.0,-0.278,84.97,Full Heusler
23,6.01,1.0,-0.018000000000000002,93.53,Full Heusler
24,5.5664,0.9999,-0.5479999999999999,3.35,Full Heusler
24,5.7203,0.9994,-0.225,0.03,Full Heusler
24,5.9686,0.9999,-0.031,0.0,Full Heusler
23,5.72,1.0,-0.155,91.76,Full Heusler
23,5.4019,1.2832,-0.061,58.23,Full Heusler
23,6.31,1.0,0.243,53.3,Full Heusler
24,5.5899,0.9988,-0.327,0.04,Full Heusler
24,5.72,1.0,-0.063,95.68,Full Heusler
24,5.61,1.3316,0.092,88.95,Full Heusler
25,5.55,1.0,-0.335,87.89,Full Heusler
25,5.2188,1.4032,-0.055,13.48,Full Heusler
25,5.52,1.3623,0.10400000000000001,9.78,Full Heusler
24,5.3644,1.307,-0.136,55.07,Full Heusler
24,5.35,7.09,-0.10400000000000001,58.98,Full Heusler
24,5.6,1.3464,0.179,67.32,Full Heusler
25,5.64,1.0,-0.32799999999999996,95.93,Full Heusler
25,5.2882,1.3430000000000002,-0.14800000000000002,72.35,Full Heusler
25,5.5637,1.3377,0.033,85.16,Full Heusler
26,5.55,1.0,-0.39899999999999997,95.56,Full Heusler
26,5.71,1.0,-0.09699999999999999,92.89,Full Heusler
26,5.4041,1.4378,0.049,11.82,Full Heusler
25,5.2194,1.3645,-0.07200000000000001,29.28,Full Heusler
25,5.87,1.0,-0.036000000000000004,48.52,Full Heusler
25,6.16,1.0,0.23399999999999999,29.41,Full Heusler
26,5.599,1.0002,-0.265,25.04,Full Heusler
26,5.3788,1.2613,-0.057999999999999996,54.12,Full Heusler
26,5.75,1.2104,0.08800000000000001,32.05,Full Heusler
27,5.55,1.0,-0.294,44.63,Full Heusler
27,5.0395,1.4881,-0.02,22.65,Full Heusler
27,5.2938,1.4767,0.13,11.14,Full Heusler
26,5.89,1.0,-0.14400000000000002,4.85,Full Heusler
26,5.91,1.0,-0.086,28.99,Full Heusler
26,6.19,1.0,0.165,30.43,Full Heusler
27,4.8959,1.4978,-0.257,46.4,Full Heusler
27,5.86,1.0,-0.009000000000000001,56.26,Full Heusler
27,5.5362,1.3506,0.052000000000000005,44.8,Full Heusler
28,5.5092,0.9993,-0.23800000000000002,0.09,Full Heusler
28,5.1779,1.3982,-0.027999999999999997,34.13,Full Heusler
28,5.4292,1.4102,0.076,62.81,Full Heusler
27,5.92,1.0,-0.09699999999999999,50.48,Full Heusler
27,5.3911,1.3223,-0.098,52.97,Full Heusler
27,6.25,1.0,0.157,46.99,Full Heusler
28,5.1434,1.3706,-0.266,18.3,Full Heusler
28,5.2653,1.3665,-0.129,26.27,Full Heusler
28,5.4657,1.4094,-0.011000000000000001,49.61,Full Heusler
29,5.53,1.0,-0.261,0.0,Full Heusler
29,5.2002,1.4034,-0.096,13.81,Full Heusler
29,5.3953,1.4396,-0.008,49.95,Full Heusler
22,6.02,1.0,-0.19699999999999998,92.85,Full Heusler
22,6.01,1.0,-0.14,93.61,Full Heusler
22,6.37,1.0,0.039,56.37,Full Heusler
23,5.85,1.0,-0.387,91.16,Full Heusler
23,5.95,1.0,-0.24600000000000002,90.53,Full Heusler
23,6.2048,1.0005,-0.162,86.4,Full Heusler
24,5.75,1.0,-0.484,0.0,Full Heusler
24,5.9,1.0,-0.28800000000000003,0.0,Full Heusler
24,6.15,1.0,-0.253,0.0,Full Heusler
23,5.82,1.0,-0.465,88.76,Full Heusler
23,5.83,1.0,-0.377,87.03,Full Heusler
23,6.07,1.0,-0.059000000000000004,88.28,Full Heusler
24,5.685,1.0001,-0.706,0.0,Full Heusler
24,5.78,1.0,-0.494,0.0,Full Heusler
24,6.0338,1.0,-0.304,0.0,Full Heusler
25,5.65,1.0,-0.6,100.0,Full Heusler
25,5.8,1.0,-0.354,100.0,Full Heusler
25,6.04,1.0,-0.264,100.0,Full Heusler
24,5.6925,1.0001,-0.42700000000000005,0.0,Full Heusler
24,5.7084,1.0,-0.299,0.0,Full Heusler
24,5.9606,0.9999,0.107,0.0,Full Heusler
25,5.61,1.0,-0.489,81.91,Full Heusler
25,5.59,1.0698,-0.249,78.36,Full Heusler
25,5.98,1.0,-0.02,66.79,Full Heusler
26,5.181,1.2439,-0.414,0.0,Full Heusler
26,5.3037,1.253,-0.134,0.0,Full Heusler
26,5.99,1.0,0.01,66.39,Full Heusler
25,5.6599,1.0,-0.16699999999999998,95.02,Full Heusler
25,5.68,1.0,-0.033,100.0,Full Heusler
25,5.462000000000001,1.3928,0.302,87.34,Full Heusler
26,5.4678,1.0659,-0.266,99.38,Full Heusler
26,5.62,1.0409,-0.031,100.0,Full Heusler
26,5.9688,0.9999,0.18600000000000003,99.91,Full Heusler
27,5.062,1.3152,-0.245,67.17,Full Heusler
27,5.22,1.3065,0.046,51.19,Full Heusler
27,5.756,1.1068,0.17300000000000001,99.98,Full Heusler
26,5.6711,1.0002,-0.038,0.01,Full Heusler
26,5.6969,1.0001,-0.075,74.25,Full Heusler
26,5.4,1.4278,0.23600000000000002,30.29,Full Heusler
27,5.5942,0.9951,-0.34,100.0,Full Heusler
27,5.7226,0.9839,-0.114,96.99,Full Heusler
27,5.9606,0.9992,0.107,0.23,Full Heusler
28,5.55,1.0,-0.321,100.0,Full Heusler
28,5.7,1.0,-0.055999999999999994,94.02,Full Heusler
28,5.9479999999999995,0.9993,0.062,87.28,Full Heusler
27,5.74,1.0,-0.201,54.0,Full Heusler
27,5.43,1.2118,-0.111,56.93,Full Heusler
27,5.65,1.2354,0.172,46.73,Full Heusler
28,5.61,1.0,-0.32899999999999996,44.51,Full Heusler
28,5.7155,0.9998,-0.11599999999999999,48.39,Full Heusler
28,6.0127,1.0027,0.043,42.85,Full Heusler
29,5.5524,1.0001,-0.289,48.38,Full Heusler
29,5.74,1.0,-0.037000000000000005,0.32,Full Heusler
29,5.987,0.9995,0.057999999999999996,27.48,Full Heusler
28,5.056,1.4727,-0.19,64.3,Full Heusler
28,5.77,1.0,-0.049,79.39,Full Heusler
28,6.05,1.0,0.244,79.59,Full Heusler
29,5.59,1.0,-0.226,81.65,Full Heusler
29,5.0578,1.4637,-0.08900000000000001,54.22,Full Heusler
29,5.2541,1.4938,0.059000000000000004,48.36,Full Heusler
30,5.4186,1.0599,-0.20199999999999999,47.93,Full Heusler
30,5.72,1.0,0.05,49.0,Full Heusler
30,5.9538,1.0104,0.16399999999999998,65.86,Full Heusler
29,4.9494,1.5606,-0.27,19.72,Full Heusler
29,4.9986,1.5315,-0.16699999999999998,32.84,Full Heusler
29,5.2056,1.5535,0.096,64.88,Full Heusler
30,4.9287,1.5014,-0.327,2.56,Full Heusler
30,5.0188,1.5075,-0.165,5.79,Full Heusler
30,5.218999999999999,1.5298,-0.042,14.2,Full Heusler
31,5.3607,1.1005,-0.23600000000000002,23.36,Full Heusler
31,5.0354,1.5397,-0.083,4.36,Full Heusler
31,5.2267,1.54,0.002,30.79,Full Heusler
22,6.2276,0.9991,-0.5670000000000001,0.0,Full Heusler
22,6.24,1.0,-0.435,0.02,Full Heusler
22,6.4522,1.0016,-0.26,0.02,Full Heusler
23,6.13,1.0,-0.6659999999999999,0.0,Full Heusler
23,6.216,0.9997,-0.535,0.0,Full Heusler
23,6.4312,0.9997,-0.526,0.03,Full Heusler
24,6.07,1.0,-0.66,0.0,Full Heusler
24,6.2,1.0,-0.5379999999999999,0.01,Full Heusler
24,6.39,1.0,-0.605,0.01,Full Heusler
23,6.0858,1.0002,-0.765,0.0,Full Heusler
23,6.1,1.0,-0.623,0.0,Full Heusler
23,6.314,0.9989,-0.34700000000000003,0.0,Full Heusler
24,5.9958,1.0,-0.8959999999999999,0.01,Full Heusler
24,6.0797,1.0002,-0.708,0.01,Full Heusler
24,6.29,1.0,-0.604,0.01,Full Heusler
25,5.7232,1.1477,-0.612,0.0,Full Heusler
25,5.8325,1.1516,-0.45399999999999996,0.0,Full Heusler
25,6.0283,1.1435,-0.457,0.0,Full Heusler
24,5.9945,1.0,-0.628,0.02,Full Heusler
24,6.0142,1.0002,-0.45799999999999996,0.0,Full Heusler
24,6.2309,0.9998,-0.115,0.01,Full Heusler
25,5.93,1.0,-0.565,85.07,Full Heusler
25,6.0247,1.0005,-0.36,99.0,Full Heusler
25,6.24,1.0,-0.191,0.84,Full Heusler
26,5.55,1.218,-0.34299999999999997,3.35,Full Heusler
26,6.07,1.0,-0.121,96.54,Full Heusler
26,5.8518,1.2114,-0.11800000000000001,0.03,Full Heusler
25,5.9697,0.9999,-0.34700000000000003,92.21,Full Heusler
25,5.9937,1.0002,-0.18600000000000003,90.72,Full Heusler
25,6.22,1.0,0.157,88.03,Full Heusler
26,5.9221,1.0,-0.413,97.16,Full Heusler
26,6.0108,1.0001,-0.217,86.97,Full Heusler
26,6.24,1.0,-0.079,71.39,Full Heusler
27,5.92,1.0,-0.22,96.92,Full Heusler
27,6.05,1.0,-0.042,95.5,Full Heusler
27,6.2258,1.0087,-0.019,98.62,Full Heusler
26,5.9759,0.9997,-0.39899999999999997,60.72,Full Heusler
26,5.996,1.0,-0.254,62.9,Full Heusler
26,6.2306,0.9999,0.076,70.11,Full Heusler
27,5.9166,0.9996,-0.465,96.58,Full Heusler
27,6.0069,1.0001,-0.264,94.43,Full Heusler
27,6.2356,1.0,-0.134,90.83,Full Heusler
28,5.91,1.0,-0.308,96.13,Full Heusler
28,6.04,1.0,-0.129,92.31,Full Heusler
28,6.24,1.0,-0.126,95.58,Full Heusler
27,5.98,1.0,-0.305,79.09,Full Heusler
27,5.9964,1.0005,-0.149,82.14,Full Heusler
27,6.23,1.0,0.174,79.37,Full Heusler
28,5.91,1.0,-0.36200000000000004,73.14,Full Heusler
28,6.01,1.0,-0.159,77.06,Full Heusler
28,6.23,1.0,-0.046,66.57,Full Heusler
29,5.8963,0.9982,-0.191,70.39,Full Heusler
29,6.02,1.0,-0.01,81.74,Full Heusler
29,6.22,1.0,0.0,71.95,Full Heusler
28,5.95,1.0,-0.152,29.38,Full Heusler
28,5.97,1.0,0.002,36.96,Full Heusler
28,6.175,0.9969,0.366,1.93,Full Heusler
29,5.87,1.0,-0.242,27.77,Full Heusler
29,5.96,1.0,-0.032,24.61,Full Heusler
29,6.1683,0.9986,0.11800000000000001,48.23,Full Heusler
30,5.84,1.0,-0.151,5.88,Full Heusler
30,5.98,1.0,0.05,5.98,Full Heusler
30,6.19,1.0,0.09300000000000001,57.07,Full Heusler
29,5.94,1.0,-0.185,0.0,Full Heusler
29,5.956,1.0002,-0.048,0.0,Full Heusler
29,6.183,1.0025,0.295,1.89,Full Heusler
30,5.8584,0.9999,-0.297,2.65,Full Heusler
30,5.9512,0.9999,-0.08900000000000001,0.5,Full Heusler
30,6.19,1.0,0.068,34.34,Full Heusler
31,5.8253,0.9997,-0.23199999999999998,0.0,Full Heusler
31,5.96,1.0,-0.017,0.0,Full Heusler
31,6.18,1.0,0.037000000000000005,33.41,Full Heusler
24,5.97,1.0,-0.51,0.05,Full Heusler
24,5.97,1.0,-0.43799999999999994,0.03,Full Heusler
24,6.21,1.0,-0.24600000000000002,0.02,Full Heusler
25,5.87,1.0,-0.581,100.0,Full Heusler
25,5.9621,0.9999,-0.461,93.33,Full Heusler
25,6.21,1.0,-0.424,87.62,Full Heusler
26,5.8344,0.9996,-0.552,67.39,Full Heusler
26,5.99,1.0,-0.408,87.34,Full Heusler
26,6.22,1.0,-0.414,100.0,Full Heusler
25,5.83,1.0,-0.621,60.07,Full Heusler
25,5.83,1.0,-0.525,91.02,Full Heusler
25,6.07,1.0,-0.251,88.37,Full Heusler
26,5.75,1.0,-0.669,7.5,Full Heusler
26,5.8394,1.0006,-0.505,14.8,Full Heusler
26,6.09,1.0,-0.397,100.0,Full Heusler
27,5.22,1.2989,-0.614,22.88,Full Heusler
27,5.38,1.2770000000000001,-0.408,67.19,Full Heusler
27,5.78,1.1574,-0.322,7.78,Full Heusler
26,5.74,1.0,-0.41200000000000003,94.88,Full Heusler
26,5.7561,1.0,-0.29600000000000004,100.0,Full Heusler
26,6.0,1.0,0.017,94.62,Full Heusler
27,5.21,1.2687,-0.44799999999999995,51.51,Full Heusler
27,5.2646,1.2922,-0.263,13.5,Full Heusler
27,6.02,1.0,-0.092,70.08,Full Heusler
28,4.9881,1.4113,-0.423,0.0,Full Heusler
28,5.1288,1.4031,-0.16899999999999998,0.03,Full Heusler
28,6.02,1.0,0.001,9.32,Full Heusler
27,5.704,1.0001,-0.233,100.0,Full Heusler
27,5.7241,0.9986,-0.105,94.22,Full Heusler
27,5.98,1.0,0.207,88.65,Full Heusler
28,5.6335,0.9995,-0.31,100.0,Full Heusler
28,5.74,1.0,-0.111,100.0,Full Heusler
28,5.99,1.0,0.016,91.25,Full Heusler
29,4.95,1.4121,-0.268,29.41,Full Heusler
29,5.1204,1.389,-0.015,14.29,Full Heusler
29,6.0086,1.0001,0.051,100.0,Full Heusler
28,5.7,1.0,-0.35600000000000004,59.7,Full Heusler
28,5.7183,1.0002,-0.228,72.89,Full Heusler
28,5.9839,0.9998,0.069,2.06,Full Heusler
29,5.6301,0.9997,-0.441,100.0,Full Heusler
29,5.7347,1.0002,-0.248,99.46,Full Heusler
29,5.99,1.0,-0.131,76.76,Full Heusler
30,5.6382,0.9995,-0.314,100.0,Full Heusler
30,5.7963,0.9988,-0.126,95.58,Full Heusler
30,6.018,1.0011,-0.087,100.0,Full Heusler
29,5.7,1.0,-0.359,74.69,Full Heusler
29,5.72,1.0,-0.231,74.39,Full Heusler
29,5.98,1.0,0.065,31.78,Full Heusler
30,5.627999999999999,0.9992,-0.354,72.34,Full Heusler
30,5.74,1.0,-0.163,67.99,Full Heusler
30,5.9935,1.0033,-0.039,68.56,Full Heusler
31,5.1947,1.2352,-0.247,6.49,Full Heusler
31,5.38,1.2193,-0.038,11.48,Full Heusler
31,5.63,1.1918,0.028999999999999998,14.9,Full Heusler
30,5.68,1.0,-0.22,67.49,Full Heusler
30,5.7,1.0,-0.09,69.43,Full Heusler
30,5.97,1.0,0.209,74.43,Full Heusler
31,5.07,1.3156,-0.285,62.54,Full Heusler
31,5.7,1.0,-0.055999999999999994,63.59,Full Heusler
31,5.9636,0.9940000000000001,0.079,69.03,Full Heusler
32,4.95,1.3717,-0.239,35.09,Full Heusler
32,5.09,1.3733,-0.008,28.67,Full Heusler
32,5.33,1.349,0.065,51.48,Full Heusler
31,5.042,1.4259,-0.249,72.15,Full Heusler
31,5.0864,1.4034,-0.132,71.81,Full Heusler
31,5.2768,1.4358,0.138,75.21,Full Heusler
32,5.1124,1.2842,-0.313,51.5,Full Heusler
32,5.1942,1.2979,-0.125,51.51,Full Heusler
32,5.3867,1.3281,0.003,54.29,Full Heusler
33,5.0729,1.274,-0.253,67.99,Full Heusler
33,5.2064,1.2837,-0.036000000000000004,69.92,Full Heusler
33,5.4176,1.2808,0.016,68.98,Full Heusler
24,6.24,1.0,-1.0979999999999999,0.0,Full Heusler
24,6.25,1.0,-0.982,0.0,Full Heusler
24,6.454,0.9994,-0.848,0.0,Full Heusler
25,5.91,1.1387,-0.9640000000000001,0.0,Full Heusler
25,5.96,1.1577,-0.885,0.0,Full Heusler
25,6.1842,1.1374,-0.9279999999999999,0.0,Full Heusler
26,5.63,1.3126,-0.8440000000000001,0.0,Full Heusler
26,5.75,1.3043,-0.772,0.0,Full Heusler
26,6.02,1.2342,-0.826,0.0,Full Heusler
25,5.8845,1.1227,-1.01,0.0,Full Heusler
25,5.8319,1.1589,-0.887,0.0,Full Heusler
25,6.03,1.1559,-0.6859999999999999,0.0,Full Heusler
26,5.6,1.2643,-0.9,0.01,Full Heusler
26,5.6423,1.2830000000000001,-0.792,0.0,Full Heusler
26,5.88,1.25,-0.762,0.39,Full Heusler
27,5.4054,1.3963,-0.787,0.0,Full Heusler
27,5.5119,1.3919,-0.669,0.0,Full Heusler
27,5.7482,1.339,-0.659,0.0,Full Heusler
26,5.68,1.206,-0.679,0.0,Full Heusler
26,5.62,1.2509,-0.5529999999999999,59.48,Full Heusler
26,5.82,1.2457,-0.32299999999999995,61.1,Full Heusler
27,5.5053,1.2839,-0.617,77.76,Full Heusler
27,5.56,1.2986,-0.483,78.58,Full Heusler
27,5.78,1.2785,-0.44,78.74,Full Heusler
28,5.3213,1.4037,-0.493,37.95,Full Heusler
28,5.46,1.3864,-0.361,12.98,Full Heusler
28,5.69,1.3427,-0.32299999999999995,0.01,Full Heusler
27,6.0464,0.9982,-0.542,93.96,Full Heusler
27,6.0572,1.003,-0.39399999999999996,91.35,Full Heusler
27,6.29,1.0,-0.187,87.73,Full Heusler
28,5.5,1.2727,-0.486,30.46,Full Heusler
28,5.57,1.2801,-0.35,36.79,Full Heusler
28,5.84,1.2397,-0.322,71.96,Full Heusler
29,5.38,1.3513,-0.31,29.31,Full Heusler
29,5.54,1.3249,-0.185,49.41,Full Heusler
29,5.69,1.3427,-0.231,89.89,Full Heusler
28,6.04,1.0,-0.693,85.0,Full Heusler
28,6.06,1.0,-0.537,81.46,Full Heusler
28,6.2917,1.0003,-0.34299999999999997,57.36,Full Heusler
29,5.99,1.0,-0.59,22.29,Full Heusler
29,5.9,1.0949,-0.45299999999999996,7.25,Full Heusler
29,6.3,1.0,-0.46799999999999997,24.5,Full Heusler
30,5.59,1.2254,-0.38299999999999995,34.89,Full Heusler
30,5.7278,1.2154,-0.28800000000000003,21.95,Full Heusler
30,6.32,1.0,-0.325,65.38,Full Heusler
29,6.02,1.0,-0.605,89.21,Full Heusler
29,6.04,1.0,-0.44,90.89,Full Heusler
29,6.27,1.0,-0.231,88.75,Full Heusler
30,5.6362,1.1785,-0.483,48.15,Full Heusler
30,6.05,1.0,-0.293,79.24,Full Heusler
30,5.8812,1.2045,-0.337,53.23,Full Heusler
31,5.48,1.2737,-0.271,43.22,Full Heusler
31,5.59,1.2844,-0.165,60.12,Full Heusler
31,5.74,1.284,-0.23800000000000002,33.22,Full Heusler
30,5.98,1.0,-0.47,88.07,Full Heusler
30,6.0,1.0,-0.305,89.02,Full Heusler
30,6.23,1.0,-0.078,90.25,Full Heusler
31,5.54,1.2094,-0.408,57.19,Full Heusler
31,5.6027,1.2236,-0.255,57.84,Full Heusler
31,5.6517,1.3041,-0.235,54.27,Full Heusler
32,5.44,1.2647,-0.244,11.35,Full Heusler
32,5.55,1.2739,-0.126,5.58,Full Heusler
32,5.69,1.29,-0.20199999999999999,14.36,Full Heusler
31,5.97,1.0,-0.507,68.55,Full Heusler
31,5.99,1.0,-0.35,79.65,Full Heusler
31,5.74,1.2683,-0.129,44.6,Full Heusler
32,5.89,1.0,-0.47600000000000003,76.67,Full Heusler
32,5.98,1.0,-0.314,81.8,Full Heusler
32,6.21,1.0,-0.289,83.44,Full Heusler
33,5.58,1.1667,-0.302,47.07,Full Heusler
33,5.68,1.1813,-0.18,63.21,Full Heusler
33,5.77,1.2322,-0.266,38.14,Full Heusler
26,6.07,1.0,-0.639,0.0,Full Heusler
26,6.06,1.0,-0.5820000000000001,0.0,Full Heusler
26,6.29,1.0,-0.466,0.0,Full Heusler
27,5.9449,1.0004,-0.65,0.0,Full Heusler
27,6.029,1.0038,-0.5770000000000001,0.0,Full Heusler
27,6.27,1.0,-0.594,0.0,Full Heusler
28,5.4217,1.3115,-0.652,0.0,Full Heusler
28,5.64,1.2482,-0.539,0.0,Full Heusler
28,6.2648,0.9992,-0.556,0.0,Full Heusler
27,5.8913,1.0019,-0.633,0.0,Full Heusler
27,5.8876,1.0019,-0.5529999999999999,0.0,Full Heusler
27,6.13,1.0,-0.359,0.0,Full Heusler
28,5.79,1.0,-0.639,0.0,Full Heusler
28,5.7,1.1018,-0.517,0.01,Full Heusler
28,6.1136,1.0039,-0.473,0.0,Full Heusler
29,5.0499,1.5157,-0.617,0.0,Full Heusler
29,5.2131,1.479,-0.444,0.0,Full Heusler
29,6.13,1.0,-0.373,0.0,Full Heusler
28,5.8,1.0,-0.389,0.0,Full Heusler
28,5.8,1.0,-0.287,0.0,Full Heusler
28,6.0349,1.0016,-0.055,0.0,Full Heusler
29,5.3178,1.2359,-0.37200000000000005,22.22,Full Heusler
29,5.29,1.327,-0.23,84.42,Full Heusler
29,6.05,1.0,-0.14300000000000002,64.62,Full Heusler
30,4.91,1.5519,-0.365,0.0,Full Heusler
30,5.0985,1.4979,-0.161,40.43,Full Heusler
30,5.7,1.2088,-0.076,40.57,Full Heusler
29,5.8,1.0,-0.271,2.89,Full Heusler
29,5.35,1.2729,-0.168,57.32,Full Heusler
29,6.0576,1.0072,0.039,24.99,Full Heusler
30,5.35,1.2093,-0.252,9.55,Full Heusler
30,5.45,1.2109999999999999,-0.111,10.61,Full Heusler
30,6.0582,1.0045,-0.079,22.04,Full Heusler
31,5.01,1.4511,-0.207,63.89,Full Heusler
31,5.2,1.4135,-0.031,71.83,Full Heusler
31,6.07,1.0,-0.017,24.51,Full Heusler
30,5.7803,1.0073,-0.41100000000000003,27.04,Full Heusler
30,5.8,1.0052,-0.298,26.15,Full Heusler
30,6.07,1.0,-0.10800000000000001,30.31,Full Heusler
31,5.7,1.0,-0.374,35.26,Full Heusler
31,5.81,1.0,-0.23800000000000002,18.73,Full Heusler
31,6.065,0.9986,-0.21,18.59,Full Heusler
32,5.05,1.4238,-0.307,3.14,Full Heusler
32,5.26,1.3726,-0.151,12.84,Full Heusler
32,5.9494,1.0604,-0.13699999999999998,1.62,Full Heusler
31,5.21,1.3301,-0.34,30.55,Full Heusler
31,5.2,1.35,-0.23199999999999998,26.64,Full Heusler
31,6.02,1.0,-0.006,57.78,Full Heusler
32,5.1,1.351,-0.316,49.48,Full Heusler
32,5.86,0.9539,-0.14800000000000002,25.32,Full Heusler
32,6.027,0.9943,-0.10099999999999999,26.91,Full Heusler
33,4.94,1.4717,-0.233,42.51,Full Heusler
33,5.12,1.4434,-0.057999999999999996,57.7,Full Heusler
33,6.02,1.0,-0.012,53.93,Full Heusler
32,5.11,1.3757,-0.32299999999999995,62.79,Full Heusler
32,5.12,1.3828,-0.201,55.98,Full Heusler
32,5.39,1.3525,0.042,63.67,Full Heusler
33,5.01,1.3852,-0.32,70.69,Full Heusler
33,5.11,1.3836,-0.14800000000000002,71.88,Full Heusler
33,5.4,1.3333,-0.071,61.74,Full Heusler
34,4.92,1.4533,-0.21600000000000003,66.06,Full Heusler
34,5.06,1.4506,-0.039,70.2,Full Heusler
34,5.33,1.379,-0.017,49.9,Full Heusler
33,5.2039,1.2978,-0.413,0.0,Full Heusler
33,5.22,1.2989,-0.289,0.08,Full Heusler
33,5.44,1.307,-0.068,0.0,Full Heusler
34,5.07,1.3333,-0.42200000000000004,0.0,Full Heusler
34,5.17,1.3327,-0.259,0.0,Full Heusler
34,5.4,1.3296,-0.207,0.0,Full Heusler
35,4.97,1.3984,-0.303,0.0,Full Heusler
35,5.1,1.4098,-0.14300000000000002,0.0,Full Heusler
35,5.36,1.3563,-0.153,0.0,Full Heusler
13,6.03,1.0,0.401,18.18,Half Heusler
13,6.32,1.0,0.545,100.0,Half Heusler
14,5.85,1.0,0.18899999999999997,100.0,Half Heusler
14,5.95,1.0,0.217,100.0,Half Heusler
14,6.25,1.0016,0.27399999999999997,100.0,Half Heusler
15,5.24,1.2729,-0.226,15.57,Half Heusler
15,5.52,1.2065,-0.009000000000000001,100.0,Half Heusler
15,6.18,0.9984,0.124,100.0,Half Heusler
14,5.83,1.0,0.5820000000000001,22.14,Half Heusler
14,5.82,1.0,0.527,25.64,Half Heusler
14,6.17,1.0,0.7240000000000001,75.86,Half Heusler
15,5.6,1.0,0.261,12.54,Half Heusler
15,5.75,1.0,0.34299999999999997,8.96,Half Heusler
15,6.11,1.0,0.45899999999999996,15.96,Half Heusler
16,5.5,1.0,-0.177,0.0,Half Heusler
16,5.65,1.0035,0.10300000000000001,0.0,Half Heusler
16,6.0579,1.0037,0.273,36.81,Half Heusler
15,5.82,1.0,0.583,18.74,Half Heusler
15,5.8,1.0,0.5379999999999999,11.69,Half Heusler
15,6.2,1.0,0.7140000000000001,26.48,Half Heusler
16,5.5,1.0,0.27699999999999997,0.0,Half Heusler
16,5.74,1.0017,0.39,25.13,Half Heusler
16,6.14,1.0016,0.483,39.35,Half Heusler
17,5.4,1.0019,-0.158,5.8,Half Heusler
17,5.6346,0.9976,0.14300000000000002,18.41,Half Heusler
17,6.09,0.9951,0.31,22.7,Half Heusler
16,5.8,1.0,0.49200000000000005,33.95,Half Heusler
16,5.79,1.0,0.439,37.59,Half Heusler
16,6.21,1.0,0.619,50.76,Half Heusler
17,5.476,0.9947,0.156,2.08,Half Heusler
17,5.7,1.0035,0.262,63.35,Half Heusler
17,6.13,1.0033,0.36,40.92,Half Heusler
18,5.42,1.0018,-0.264,99.59,Half Heusler
18,5.71,1.0,-0.009000000000000001,100.0,Half Heusler
18,6.1,1.0,0.151,22.99,Half Heusler
17,5.65,1.0,0.489,2.95,Half Heusler
17,5.67,1.0,0.452,9.19,Half Heusler
17,6.07,1.0,0.6970000000000001,89.2,Half Heusler
18,5.45,1.0037,0.141,24.26,Half Heusler
18,5.65,1.0,0.249,100.0,Half Heusler
18,6.01,1.0,0.41700000000000004,100.0,Half Heusler
19,5.42,1.0,-0.21899999999999997,23.39,Half Heusler
19,5.6242,1.0011,0.059000000000000004,1.52,Half Heusler
19,5.9685,1.0029,0.28,68.79,Half Heusler
19,5.73,1.0,0.483,68.61,Half Heusler
19,5.11,1.4227,-0.006999999999999999,32.83,Half Heusler
19,6.07,1.0,0.221,20.87,Half Heusler
20,5.52,1.0,-0.188,56.87,Half Heusler
20,5.67,0.9982,-0.125,23.11,Half Heusler
20,6.0,1.0,-0.009000000000000001,10.31,Half Heusler
21,5.45,1.0037,-0.5529999999999999,37.81,Half Heusler
21,5.64,0.9982,-0.32799999999999996,2.0,Half Heusler
21,5.95,1.005,-0.149,11.96,Half Heusler
14,5.8,1.0,0.215,4.5,Half Heusler
14,5.82,0.9966,0.17800000000000002,40.69,Half Heusler
14,6.1467,1.0058,0.375,80.9,Half Heusler
15,5.64,1.0,-0.099,0.0,Half Heusler
15,5.77,1.0017,-0.018000000000000002,12.39,Half Heusler
15,6.13,1.0,0.07400000000000001,84.11,Half Heusler
16,5.56,1.0,-0.527,51.6,Half Heusler
16,5.7415,1.0049,-0.298,89.02,Half Heusler
16,6.09,0.9984,-0.165,67.2,Half Heusler
15,5.7,1.0,0.28300000000000003,38.46,Half Heusler
15,5.74,1.0,0.254,18.16,Half Heusler
15,6.11,1.0,0.47600000000000003,2.72,Half Heusler
16,5.5,1.0,-0.064,0.0,Half Heusler
16,5.68,1.0018,0.055,44.82,Half Heusler
16,6.04,1.0,0.18600000000000003,23.14,Half Heusler
17,5.4033,1.0039,-0.539,20.99,Half Heusler
17,5.5948,1.0018,-0.243,100.0,Half Heusler
17,5.9233,1.0025,-0.034,100.0,Half Heusler
16,5.7,1.0,0.36200000000000004,3.04,Half Heusler
16,5.74,1.0,0.348,2.11,Half Heusler
16,6.15,1.0,0.541,3.98,Half Heusler
17,5.42,1.0,-0.027000000000000003,13.76,Half Heusler
17,5.571000000000001,1.0043,0.12300000000000001,100.0,Half Heusler
17,6.06,0.9967,0.26899999999999996,7.3,Half Heusler
18,5.3,0.9981,-0.46,0.0,Half Heusler
18,5.5142,1.0037,-0.10099999999999999,100.0,Half Heusler
18,5.9519,1.0028,0.09699999999999999,80.31,Half Heusler
17,5.6,1.0,0.28,18.84,Half Heusler
17,5.71,0.9982,0.273,43.75,Half Heusler
17,6.12,1.0,0.48,26.16,Half Heusler
18,5.3671,1.0081,-0.098,30.23,Half Heusler
18,5.5844,0.9997,0.047,100.0,Half Heusler
18,6.05,0.9967,0.184,32.15,Half Heusler
19,5.33,1.0019,-0.419,99.14,Half Heusler
19,5.627000000000001,1.0017,-0.131,100.0,Half Heusler
19,6.01,0.9983,0.044000000000000004,100.0,Half Heusler
18,5.52,1.0,0.292,76.01,Half Heusler
18,5.5636,1.0033,0.299,80.4,Half Heusler
18,5.96,1.0034,0.589,100.0,Half Heusler
19,5.33,1.0019,0.011000000000000001,0.0,Half Heusler
19,5.57,1.0,0.162,84.0,Half Heusler
19,5.92,1.0,0.353,65.18,Half Heusler
20,5.32,1.0,-0.306,80.06,Half Heusler
20,5.51,0.9982,0.005,96.56,Half Heusler
20,5.84,1.0,0.235,3.07,Half Heusler
20,5.65,1.0,-0.018000000000000002,44.26,Half Heusler
20,5.66,1.0,0.209,28.89,Half Heusler
20,6.0,1.0,0.161,37.12,Half Heusler
21,5.48,0.9982,-0.21600000000000003,12.77,Half Heusler
21,5.62,0.9947,-0.132,0.4,Half Heusler
21,5.96,0.9983,-0.044000000000000004,30.36,Half Heusler
22,5.36,1.0037,-0.46399999999999997,7.63,Half Heusler
22,5.6,1.0,-0.011000000000000001,30.64,Half Heusler
22,5.9,0.9966,-0.136,12.88,Half Heusler
15,5.74,1.0,-0.021,53.72,Half Heusler
15,5.72,1.0,-0.038,3.36,Half Heusler
15,6.08,1.0,0.20600000000000002,0.62,Half Heusler
16,5.6,1.0,-0.342,22.22,Half Heusler
16,5.71,1.0,-0.253,31.15,Half Heusler
16,6.0149,1.0026,-0.135,0.53,Half Heusler
17,5.4527,1.0044,-0.802,60.74,Half Heusler
17,5.6547,1.0008,-0.55,88.95,Half Heusler
17,5.9534,1.0004,-0.382,66.7,Half Heusler
16,5.6,1.0,0.10800000000000001,15.87,Half Heusler
16,5.61,1.0,0.121,10.78,Half Heusler
16,5.97,1.0,0.42100000000000004,40.22,Half Heusler
17,5.44,1.0,-0.306,15.05,Half Heusler
17,5.5578,1.0023,-0.157,64.87,Half Heusler
17,5.8667,1.0026,0.054000000000000006,47.5,Half Heusler
18,5.3138,1.0038,-0.804,0.0,Half Heusler
18,5.4855,1.0025,-0.46799999999999997,0.0,Half Heusler
18,5.7758,1.0021,-0.21100000000000002,0.0,Half Heusler
17,5.48,1.0,0.205,6.07,Half Heusler
17,5.49,1.0,0.242,44.83,Half Heusler
17,5.99,1.0,0.5660000000000001,99.98,Half Heusler
18,5.3284,1.0043,-0.231,0.0,Half Heusler
18,5.4448,1.0025,-0.025,0.0,Half Heusler
18,5.8445,1.0,0.247,100.0,Half Heusler
19,5.2921,0.9978,-0.465,87.54,Half Heusler
19,5.4814,0.9961,-0.13699999999999998,100.0,Half Heusler
19,5.81,1.0,0.08900000000000001,100.0,Half Heusler
18,5.42,1.0018,0.157,0.0,Half Heusler
18,5.49,1.0,0.214,3.74,Half Heusler
18,5.9505,1.0003,0.523,20.59,Half Heusler
19,5.3211,1.0008,-0.155,92.28,Half Heusler
19,5.4714,0.9954,0.033,100.0,Half Heusler
19,5.92,1.0,0.222,100.0,Half Heusler
20,5.32,0.9981,-0.424,100.0,Half Heusler
20,5.51,1.0,-0.134,100.0,Half Heusler
20,5.84,1.0,0.052000000000000005,100.0,Half Heusler
19,5.5,1.0,0.23600000000000002,100.0,Half Heusler
19,5.54,0.9982,0.268,7.04,Half Heusler
19,5.91,1.0017,0.512,51.65,Half Heusler
20,5.3404,1.0031,-0.078,98.27,Half Heusler
20,5.48,1.0,0.091,75.12,Half Heusler
20,5.85,1.0,0.24600000000000002,23.34,Half Heusler
21,5.31,1.0,-0.35,51.25,Half Heusler
21,5.49,1.0,-0.071,93.76,Half Heusler
21,5.78,1.0,0.09300000000000001,100.0,Half Heusler
21,5.56,1.0018,0.146,67.73,Half Heusler
21,5.58,1.0,0.175,12.83,Half Heusler
21,5.89,0.9983,0.4,14.58,Half Heusler
22,5.4,1.0037,0.002,46.55,Half Heusler
22,5.56,1.0,0.11,49.63,Half Heusler
22,5.87,0.9983,0.2,54.16,Half Heusler
23,5.29,1.0,-0.23199999999999998,36.46,Half Heusler
23,5.52,1.0,0.018000000000000002,26.68,Half Heusler
23,5.83,1.0034,0.122,46.72,Half Heusler
15,5.94,1.0,-0.275,31.68,Half Heusler
15,5.94,1.0,-0.228,1.38,Half Heusler
15,6.19,1.0,0.004,3.34,Half Heusler
16,5.82,1.0017,-0.424,0.0,Half Heusler
16,5.92,1.0,-0.332,2.18,Half Heusler
16,6.2044,0.9992,-0.256,0.0,Half Heusler
17,5.7261,1.0011,-0.7290000000000001,0.0,Half Heusler
17,5.89,1.0,-0.536,0.0,Half Heusler
17,6.1404,1.0035,-0.45899999999999996,0.0,Half Heusler
16,5.8262,1.0009,-0.053,25.3,Half Heusler
16,5.8303,1.0024,0.022000000000000002,28.22,Half Heusler
16,6.11,1.0,0.305,22.33,Half Heusler
17,5.7,1.0,-0.259,48.49,Half Heusler
17,5.8,1.0017,-0.121,50.73,Half Heusler
17,5.83,1.0,0.021,73.0,Half Heusler
18,5.6167,1.0022,-0.609,0.0,Half Heusler
18,5.7621,1.0043,-0.358,0.0,Half Heusler
18,6.018,1.004,-0.222,0.0,Half Heusler
17,5.73,1.0,0.145,35.7,Half Heusler
17,5.74,1.0,0.24,17.3,Half Heusler
17,6.15,1.0,0.522,37.08,Half Heusler
18,5.6119,1.0039,-0.115,0.0,Half Heusler
18,5.7074,1.0067,0.059000000000000004,0.0,Half Heusler
18,5.99,0.9983,0.24600000000000002,0.0,Half Heusler
19,5.5796,0.9964,-0.281,90.19,Half Heusler
19,5.7409,0.9978,-0.03,100.0,Half Heusler
19,6.01,0.9983,0.107,100.0,Half Heusler
18,5.67,1.0018,0.128,0.0,Half Heusler
18,5.69,1.0,0.23600000000000002,50.95,Half Heusler
18,6.15,1.0,0.42100000000000004,100.0,Half Heusler
19,5.6,1.0036,-0.057999999999999996,93.19,Half Heusler
19,5.72,1.0,0.10400000000000001,100.0,Half Heusler
19,6.13,1.0,0.158,31.68,Half Heusler
20,5.5888,1.0034,-0.28,100.0,Half Heusler
20,5.7574,1.0006,-0.053,100.0,Half Heusler
20,6.0633,1.0044,0.022000000000000002,48.53,Half Heusler
19,5.7885,0.9993,0.17800000000000002,90.95,Half Heusler
19,5.66,1.0018,0.28600000000000003,63.75,Half Heusler
19,6.08,1.0,0.505,64.84,Half Heusler
20,5.64,1.0,-0.036000000000000004,50.79,Half Heusler
20,5.747999999999999,1.0023,0.099,12.84,Half Heusler
20,6.0255,1.0001,0.20600000000000002,58.25,Half Heusler
21,5.59,1.0,-0.22899999999999998,41.71,Half Heusler
21,5.76,1.0,-0.012,6.65,Half Heusler
21,6.03,1.0,0.053,100.0,Half Heusler
21,5.74,1.0,-0.109,46.69,Half Heusler
21,5.75,1.0,-0.03,41.52,Half Heusler
21,6.04,1.0,0.521,69.32,Half Heusler
22,5.6132,1.0,-0.28,47.24,Half Heusler
22,5.7229,1.0024,-0.154,39.11,Half Heusler
22,5.9913,1.0012,-0.06,51.46,Half Heusler
23,5.56,0.9982,-0.47200000000000003,0.0,Half Heusler
23,5.72,0.9983,-0.262,0.0,Half Heusler
23,5.99,0.9967,-0.201,0.0,Half Heusler
16,5.7,1.0,-0.23800000000000002,63.36,Half Heusler
16,5.71,1.0,-0.24600000000000002,67.93,Half Heusler
16,5.99,1.0,0.006,61.13,Half Heusler
17,5.577000000000001,0.9953,-0.59,78.74,Half Heusler
17,5.6437,1.0052,-0.498,51.17,Half Heusler
17,5.9309,1.0038,-0.36,71.31,Half Heusler
18,5.4288,1.0039,-1.109,0.0,Half Heusler
18,5.61,1.0,-0.852,0.0,Half Heusler
18,5.8771,1.0017,-0.67,0.0,Half Heusler
17,5.56,1.0,-0.09300000000000001,58.1,Half Heusler
17,5.56,1.0,-0.068,82.6,Half Heusler
17,5.86,1.0,0.266,89.94,Half Heusler
18,5.41,1.0,-0.5479999999999999,0.0,Half Heusler
18,5.4982,1.0036,-0.391,0.0,Half Heusler
18,5.79,1.0,-0.16399999999999998,0.0,Half Heusler
19,5.3587,0.998,-0.643,92.65,Half Heusler
19,5.5264,0.9988,-0.363,100.0,Half Heusler
19,5.8092,1.0017,-0.182,100.0,Half Heusler
18,5.45,1.0042,0.033,0.0,Half Heusler
18,5.4451,1.0055,0.078,0.0,Half Heusler
18,5.7643,1.0036,0.465,0.0,Half Heusler
19,5.3575,1.0026,-0.203,99.6,Half Heusler
19,5.4726,1.003,-0.035,100.0,Half Heusler
19,5.78,1.0017,0.16699999999999998,100.0,Half Heusler
20,5.3249,1.0041,-0.36200000000000004,100.0,Half Heusler
20,5.5192,1.0001,-0.10400000000000001,100.0,Half Heusler
20,5.8075,1.0004,0.036000000000000004,100.0,Half Heusler
19,5.45,1.0018,0.078,78.09,Half Heusler
19,5.46,1.0,0.139,96.21,Half Heusler
19,5.93,1.0,0.344,19.49,Half Heusler
20,5.356,1.0041,-0.209,100.0,Half Heusler
20,5.49,1.0018,-0.057,100.0,Half Heusler
20,5.8366,1.0033,0.079,25.61,Half Heusler
21,5.34,1.0,-0.44299999999999995,100.0,Half Heusler
21,5.53,1.0,-0.21100000000000002,100.0,Half Heusler
21,5.82,1.0,-0.10800000000000001,100.0,Half Heusler
20,5.5,0.9982,0.043,63.28,Half Heusler
20,5.51,0.9982,0.107,65.16,Half Heusler
20,5.8,1.0,0.373,67.92,Half Heusler
21,5.3621,1.0043,-0.204,86.36,Half Heusler
21,5.5,1.0,-0.061,100.0,Half Heusler
21,5.79,0.9983,0.064,100.0,Half Heusler
22,5.35,1.0,-0.348,12.31,Half Heusler
22,5.53,1.0018,-0.13,65.6,Half Heusler
22,5.81,1.0,-0.033,52.37,Half Heusler
22,5.49,1.0,0.462,69.46,Half Heusler
22,5.5,1.0018,0.5329999999999999,68.46,Half Heusler
22,5.81,0.9983,0.765,81.9,Half Heusler
23,5.34,1.0019,0.28800000000000003,0.0,Half Heusler
23,5.4495,1.0042,0.42200000000000004,0.0,Half Heusler
23,5.7409,1.0028,0.504,0.0,Half Heusler
24,5.28,1.0019,0.141,5.49,Half Heusler
24,5.46,1.0,0.349,11.79,Half Heusler
24,5.73,1.0017,0.4,25.27,Half Heusler
16,5.95,1.0,-0.535,64.1,Half Heusler
16,5.95,1.0,-0.49200000000000005,69.36,Half Heusler
16,6.21,1.0,-0.304,66.98,Half Heusler
17,5.83,1.0017,-0.69,0.12,Half Heusler
17,5.92,1.0,-0.635,4.8,Half Heusler
17,6.15,1.0058,-0.591,0.0,Half Heusler
18,5.7366,1.001,-1.075,0.0,Half Heusler
18,5.872000000000001,1.0039,-0.9009999999999999,0.0,Half Heusler
18,6.117999999999999,1.0034,-0.8370000000000001,0.0,Half Heusler
17,5.8262,1.0009,-0.275,87.85,Half Heusler
17,5.82,1.0,-0.207,90.12,Half Heusler
17,6.09,1.0,0.048,92.08,Half Heusler
18,5.69,1.0,-0.529,0.0,Half Heusler
18,5.7749,1.0051,-0.41,0.0,Half Heusler
18,6.04,1.0017,-0.302,0.0,Half Heusler
19,5.66,1.0018,-0.5670000000000001,95.87,Half Heusler
19,5.81,1.0034,-0.377,100.0,Half Heusler
19,6.0581,1.0024,-0.312,100.0,Half Heusler
18,5.73,1.0,-0.075,0.0,Half Heusler
18,5.74,0.9983,0.015,0.0,Half Heusler
18,6.19,1.0,0.207,83.4,Half Heusler
19,5.65,1.0018,-0.183,100.0,Half Heusler
19,5.75,1.0035,-0.055999999999999994,100.0,Half Heusler
19,6.02,0.9983,0.043,100.0,Half Heusler
20,5.65,1.0035,-0.293,100.0,Half Heusler
20,5.81,1.0017,-0.121,100.0,Half Heusler
20,6.0742,1.0007,-0.091,83.97,Half Heusler
19,5.89,1.0017,-0.191,30.69,Half Heusler
19,5.89,1.0,-0.11199999999999999,22.75,Half Heusler
19,6.18,1.0,0.019,3.99,Half Heusler
20,5.7109,0.9954,-0.231,55.65,Half Heusler
20,5.8231,1.0036,-0.151,42.28,Half Heusler
20,6.1204,1.0047,-0.17600000000000002,43.45,Half Heusler
21,5.67,0.9982,-0.40399999999999997,100.0,Half Heusler
21,5.83,0.9983,-0.256,61.34,Half Heusler
21,6.09,1.0,-0.276,18.92,Half Heusler
20,5.78,1.0,-0.147,80.04,Half Heusler
20,5.79,1.0,-0.051,74.27,Half Heusler
20,6.08,1.0,0.145,78.17,Half Heusler
21,5.68,1.0,-0.24,73.74,Half Heusler
21,5.78,0.9982,-0.139,100.0,Half Heusler
21,6.05,1.0,-0.121,100.0,Half Heusler
22,5.65,0.9982,-0.256,53.45,Half Heusler
22,5.81,1.0,-0.114,59.81,Half Heusler
22,6.0464,1.0025,-0.132,69.64,Half Heusler
22,5.73,1.0,0.19899999999999998,65.95,Half Heusler
22,5.75,0.9983,0.303,0.0,Half Heusler
22,6.02,0.9983,0.49,73.36,Half Heusler
23,5.62,0.9982,0.14300000000000002,0.0,Half Heusler
23,5.73,1.0,0.249,0.0,Half Heusler
23,6.0,0.9967,0.245,0.0,Half Heusler
24,5.57,1.0,0.11599999999999999,0.0,Half Heusler
24,5.72,1.0052,0.257,0.0,Half Heusler
24,5.97,1.0,0.209,0.0,Half Heusler
17,5.75,1.0,-0.36,95.41,Half Heusler
17,5.72,1.0,-0.385,96.73,Half Heusler
17,5.9916,1.0021,-0.168,96.64,Half Heusler
18,5.56,1.0027,-0.762,0.0,Half Heusler
18,5.6533,1.0025,-0.691,0.0,Half Heusler
18,5.9292,1.0032,-0.5710000000000001,0.0,Half Heusler
19,5.51,1.0,-0.8240000000000001,0.0,Half Heusler
19,5.67,0.9982,-0.62,0.0,Half Heusler
19,5.96,0.995,-0.507,0.0,Half Heusler
18,5.5669,1.0041,-0.196,0.0,Half Heusler
18,5.5508,1.0036,-0.195,0.0,Half Heusler
18,5.8388,1.0029,0.106,0.0,Half Heusler
19,5.47,1.0018,-0.316,90.97,Half Heusler
19,5.58,1.0,-0.203,96.55,Half Heusler
19,5.87,0.9983,-0.079,100.0,Half Heusler
20,5.45,0.9982,-0.40299999999999997,73.68,Half Heusler
20,5.62,0.9982,-0.2,57.58,Half Heusler
20,5.89,1.0,-0.122,100.0,Half Heusler
19,5.54,0.9982,0.114,100.0,Half Heusler
19,5.53,1.0,0.149,100.0,Half Heusler
19,5.99,1.0,0.331,14.31,Half Heusler
20,5.44,1.0,-0.11599999999999999,100.0,Half Heusler
20,5.56,0.9982,-0.001,100.0,Half Heusler
20,5.88,1.0,0.081,52.61,Half Heusler
21,5.4247,1.0034,-0.254,100.0,Half Heusler
21,5.62,1.0,-0.079,100.0,Half Heusler
21,5.89,1.0,-0.042,80.25,Half Heusler
20,5.56,1.036,-0.04,69.47,Half Heusler
20,5.64,1.0,-0.005,57.23,Half Heusler
20,5.96,1.0034,0.152,54.19,Half Heusler
21,5.45,1.0018,-0.251,100.0,Half Heusler
21,5.57,1.0018,-0.153,60.38,Half Heusler
21,5.88,1.0,-0.114,1.57,Half Heusler
22,5.46,1.0018,-0.4,100.0,Half Heusler
22,5.64,0.9982,-0.25,100.0,Half Heusler
22,5.91,1.0,-0.217,100.0,Half Heusler
21,5.56,0.9964,-0.069,85.43,Half Heusler
21,5.56,0.9982,-0.017,100.0,Half Heusler
21,5.85,1.0,0.195,100.0,Half Heusler
22,5.44,1.0,-0.12,73.71,Half Heusler
22,5.57,1.0018,-0.028999999999999998,69.65,Half Heusler
22,5.85,1.0017,0.017,74.94,Half Heusler
23,5.4,1.0,-0.18899999999999997,72.43,Half Heusler
23,5.54,1.0289,-0.025,77.44,Half Heusler
23,5.91,0.9712,0.018000000000000002,84.24,Half Heusler
23,5.49,1.0036,0.7929999999999999,0.0,Half Heusler
23,5.51,0.9982,0.8809999999999999,0.0,Half Heusler
23,5.79,1.0017,1.054,0.0,Half Heusler
24,5.36,1.0037,0.736,0.0,Half Heusler
24,5.49,1.0,0.8390000000000001,0.0,Half Heusler
24,5.76,1.0035,0.841,0.0,Half Heusler
25,5.3,1.0,0.6679999999999999,0.0,Half Heusler
25,5.3,1.0,0.904,0.0,Half Heusler
25,5.76,0.9965,0.797,0.0,Half Heusler
13,6.08,1.5329,-0.17600000000000002,51.67,Inverse Heusler
14,5.75,1.5774,-0.312,1.84,Inverse Heusler
14,6.02,1.5698,-0.359,12.14,Inverse Heusler
15,5.61,1.6239,-0.51,44.53,Inverse Heusler
15,5.73,1.6230000000000002,-0.444,42.0,Inverse Heusler
16,5.64,1.6028,-0.282,0.0,Inverse Heusler
23,5.45,1.8055,-0.7040000000000001,0.0,Inverse Heusler
23,5.57,1.7899,-0.6409999999999999,0.0,Inverse Heusler
18,5.35,1.5888,-0.368,6.37,Inverse Heusler
21,5.28,1.6098,-0.303,0.0,Inverse Heusler
24,5.23,1.5105,0.008,30.84,Inverse Heusler
27,5.2246,1.5678,-0.026000000000000002,32.92,Inverse Heusler
28,5.1,1.4471,-0.021,18.67,Inverse Heusler
29,5.15,1.5049,0.015,4.6,Inverse Heusler
29,5.07,1.357,-0.273,27.41,Inverse Heusler
31,5.04,1.621,-0.091,41.49,Inverse Heusler
31,5.45,1.5633,0.128,52.21,Inverse Heusler
32,5.2,1.4404,0.095,70.18,Inverse Heusler
32,5.47,1.3803,0.16899999999999998,71.99,Inverse Heusler
32,5.16,1.5019,0.03,52.68,Inverse Heusler
32,5.41,1.4806,0.121,63.02,Inverse Heusler
33,5.18,1.5232,0.094,29.31,Inverse Heusler
31,5.21,1.3052,-0.154,61.26,Inverse Heusler
31,5.44,1.3107,0.115,69.91,Inverse Heusler
32,5.0307,1.3534,-0.316,49.49,Inverse Heusler
32,5.13,1.3567,-0.13,55.84,Inverse Heusler
32,5.3848,1.3345,-0.016,51.75,Inverse Heusler
32,5.53,1.2857,0.195,69.56,Inverse Heusler
33,5.02,1.4104,-0.11699999999999999,59.15,Inverse Heusler
38,5.21,1.476,0.037000000000000005,0.0,Inverse Heusler
38,5.32,1.4793,0.044000000000000004,0.0,Inverse Heusler
39,5.19,1.5029,-0.003,0.0,Inverse Heusler
39,5.61,1.4652,0.131,0.0,Inverse Heusler
18,6.47,1.0,-0.18100000000000002,0.0,Inverse Heusler
19,6.38,1.0,-0.111,69.85,Inverse Heusler
19,6.39,1.0,-0.188,100.0,Inverse Heusler
20,6.351,1.0,-0.08900000000000001,100.0,Inverse Heusler
20,5.8497,0.9999,-0.266,0.0,Inverse Heusler
20,5.94,1.0,-0.11800000000000001,100.0,Inverse Heusler
20,6.222,1.0,0.084,56.24,Inverse Heusler
21,6.21,1.0,0.057,1.35,Inverse Heusler
20,5.9218,0.9999,-0.14800000000000002,100.0,Inverse Heusler
20,5.9239999999999995,1.0,-0.11800000000000001,100.0,Inverse Heusler
20,6.271,1.0,0.19699999999999998,54.7,Inverse Heusler
21,5.8159,1.0001,-0.34,0.0,Inverse Heusler
21,5.92,1.0,-0.193,1.16,Inverse Heusler
21,6.2,1.0,-0.002,73.96,Inverse Heusler
22,5.6947,1.0021,-0.419,1.08,Inverse Heusler
21,5.9142,1.0,-0.191,30.55,Inverse Heusler
21,5.91,1.0,-0.146,28.29,Inverse Heusler
21,6.17,1.0,0.17300000000000001,33.82,Inverse Heusler
22,5.7819,1.0003,-0.341,92.64,Inverse Heusler
22,6.15,1.0,0.18,80.23,Inverse Heusler
22,5.831,1.0,-0.086,100.0,Inverse Heusler
22,5.832000000000001,1.0,-0.004,94.52,Inverse Heusler
22,6.31,1.0,0.313,12.29,Inverse Heusler
23,5.66,1.0,-0.23600000000000002,65.52,Inverse Heusler
23,5.76,1.0,-0.066,99.04,Inverse Heusler
23,5.79,1.0,0.033,96.75,Inverse Heusler
23,6.12,1.0,0.38299999999999995,94.42,Inverse Heusler
24,5.6189,0.9992,-0.222,0.0,Inverse Heusler
24,5.7620000000000005,1.0,0.013000000000000001,94.54,Inverse Heusler
24,6.081,1.0,0.22699999999999998,95.47,Inverse Heusler
25,5.5813,1.0002,-0.226,98.92,Inverse Heusler
25,5.76,1.0,0.062,97.08,Inverse Heusler
25,6.05,1.0,0.22,97.09,Inverse Heusler
24,5.79,1.0,-0.08,95.82,Inverse Heusler
24,5.815,1.0,0.008,88.3,Inverse Heusler
24,6.13,1.0,0.299,80.54,Inverse Heusler
25,6.11,1.0,0.141,89.59,Inverse Heusler
26,5.6185,0.9986,-0.22,100.0,Inverse Heusler
26,6.06,1.0,0.15,97.58,Inverse Heusler
25,5.7,1.0,-0.071,100.0,Inverse Heusler
25,5.87,1.0,-0.02,75.65,Inverse Heusler
25,6.18,1.0,0.21899999999999997,10.75,Inverse Heusler
26,6.17,1.0,0.115,16.27,Inverse Heusler
27,6.132000000000001,1.0,0.159,30.79,Inverse Heusler
26,5.93,1.0,0.077,32.52,Inverse Heusler
26,5.98,1.0,0.14400000000000002,11.66,Inverse Heusler
26,6.307,1.0,0.31,3.44,Inverse Heusler
27,5.78,1.0,0.039,51.28,Inverse Heusler
27,5.962000000000001,1.0,0.18100000000000002,11.6,Inverse Heusler
27,6.2829999999999995,1.0,0.22899999999999998,4.9,Inverse Heusler
28,6.28,1.0,0.27899999999999997,7.21,Inverse Heusler
27,6.005,1.0,0.067,16.62,Inverse Heusler
27,6.071000000000001,1.0,0.15,7.21,Inverse Heusler
27,6.385,1.0,0.304,4.17,Inverse Heusler
28,6.36,1.0,0.27,36.52,Inverse Heusler
25,5.75,1.0,-0.158,98.43,Inverse Heusler
25,5.79,1.0,-0.075,95.78,Inverse Heusler
25,6.13,1.0,0.231,40.05,Inverse Heusler
26,5.6006,0.9998,-0.36200000000000004,84.51,Inverse Heusler
26,5.72,1.0,-0.14,85.64,Inverse Heusler
26,6.059,0.9972,0.065,93.53,Inverse Heusler
27,5.5584,0.9989,-0.35200000000000004,100.0,Inverse Heusler
27,5.72,1.0,-0.071,100.0,Inverse Heusler
27,5.9914,1.0003,0.081,100.0,Inverse Heusler
26,5.7349,0.9995,-0.27,100.0,Inverse Heusler
26,5.76,1.0,-0.16699999999999998,85.26,Inverse Heusler
26,6.091,1.0,0.135,6.5,Inverse Heusler
27,5.621,0.9989,-0.365,100.0,Inverse Heusler
27,5.733,1.0,-0.153,100.0,Inverse Heusler
27,6.0920000000000005,1.0,0.026000000000000002,31.41,Inverse Heusler
28,5.5814,1.0002,-0.33299999999999996,100.0,Inverse Heusler
28,5.7378,1.0005,-0.08,100.0,Inverse Heusler
28,5.9853,1.0005,0.042,100.0,Inverse Heusler
27,5.8,1.0,-0.253,52.14,Inverse Heusler
27,5.83,1.0,-0.17,58.96,Inverse Heusler
27,6.17,1.0,0.055,4.49,Inverse Heusler
28,5.7,1.0,-0.29,27.68,Inverse Heusler
28,5.85,1.0,-0.14,31.03,Inverse Heusler
28,6.146,1.0,-0.046,33.54,Inverse Heusler
28,5.89,1.0,-0.11,52.06,Inverse Heusler
28,5.937,1.0,-0.042,58.57,Inverse Heusler
28,6.247000000000001,1.0,0.141,26.49,Inverse Heusler
28,5.7006,1.0007,-0.27,58.7,Inverse Heusler
28,5.724,1.0,-0.156,45.86,Inverse Heusler
28,6.0101,1.0021,0.136,52.55,Inverse Heusler
29,5.6086,0.9988,-0.371,74.15,Inverse Heusler
29,5.72,1.0,-0.16399999999999998,53.05,Inverse Heusler
29,5.9753,1.0045,-0.012,57.29,Inverse Heusler
30,5.5898,1.0006,-0.27899999999999997,21.21,Inverse Heusler
30,5.7646,1.0005,-0.057,67.59,Inverse Heusler
30,5.992000000000001,1.001,0.021,37.5,Inverse Heusler
29,5.7455,0.9972,-0.292,10.33,Inverse Heusler
29,5.757000000000001,1.0,-0.183,6.86,Inverse Heusler
29,6.0193,1.003,0.076,23.84,Inverse Heusler
31,5.69,1.0,-0.24100000000000002,3.37,Inverse Heusler
