primary_metal,secondary_metal,primary_pct,secondary_pct,hydrothermal_temp_C,annealing_temp_C,annealing_time_min,catalyst_loading_mg_cm2,proton_conc_M,overpotential_mV
Co,None,100.0,0.0,150,400,60.0,0.902,1.0,422
Co,None,99.33774834,0.662251656,150,400,60.0,0.8877,1.0,396
Ru,None,83.33333333,16.66666667,0,500,60.0,0.229,1.0,191
Ru,None,75.0,25.0,0,500,60.0,0.229,1.0,221
Ru,None,87.5,12.5,0,500,60.0,0.229,1.0,217
Ru,None,100.0,0.0,0,500,60.0,0.229,1.0,285
Ir,Co,75.0,25.0,270,25,0.0,0.5,1.0,329
Ir,Co,75.0,25.0,270,100,180.0,0.5,1.0,325
Ir,Co,75.0,25.0,270,200,180.0,0.5,1.0,260
Ir,Co,75.0,25.0,270,300,180.0,0.5,1.0,281
Ir,Co,75.0,25.0,270,400,180.0,0.5,1.0,354
Ir,Co,75.0,25.0,270,500,180.0,0.5,1.0,385
Ru,None,100.0,0.0,60,500,60.0,0.3,1.0,281
Ru,None,75.0,25.0,60,500,60.0,0.3,1.0,262
Ru,None,75.0,25.0,60,500,60.0,0.3,1.0,199
Ru,None,60.0,20.0,60,500,60.0,0.3,1.0,164
Ru,None,50.0,33.33333333,60,500,60.0,0.3,1.0,181
Ru,Ir,66.66666667,33.33333333,80,240,60.0,0.127,0.1,219
Ru,Ir,63.82978723,31.91489362,80,240,60.0,0.127,0.1,198
Ru,Ir,54.54545455,27.27272727,80,240,60.0,0.127,0.1,229
Ru,Ir,80.0,20.0,25,25,0.0,0.127,0.1,232
Ir,None,100.0,0.0,25,800,180.0,0.212,0.1,197
Ir,None,100.0,0.0,25,900,120.0,0.212,0.1,297
Co,None,100.0,0.0,80,800,120.0,0.1225,1.0,530
Co,Ir,82.33333333,17.66666667,25,300,60.0,0.1375,1.0,300
Ir,None,100.0,0.0,25,300,60.0,0.1,1.0,320
Ir,None,100.0,0.0,25,500,30.0,0.255,0.1,188
Ru,None,100.0,0.0,25,700,0.0,1.3307,1.0,189
Ru,None,80.0,20.0,25,930,0.0,1.6907,1.0,187
Ru,None,60.0,40.0,25,930,0.0,2.2907,1.0,199
Ru,Co,99.65123038,0.348769618,25,350,240.0,0.1,1.0,328
Ru,None,100.0,0.0,25,350,240.0,0.1,1.0,342
Co,None,100.0,0.0,25,350,240.0,0.1,1.0,600
Sr,Ir,88.85812487,11.14187513,150,700,360.0,0.283,1.0,300
Ru,None,100.0,0.0,280,400,60.0,0.0263,0.1,265
Ru,None,50.0,50.0,100,600,360.0,0.223,1.0,454
Co,None,50.0,50.0,100,600,360.0,0.201,1.0,808
Ir,None,100.0,0.0,25,900,60.0,0.178,0.1,271
Na,None,62.68790026,35.17142919,90,250,120.0,0.255,1.0,210
Na,None,62.68790026,35.17142919,90,350,120.0,0.255,1.0,262
Na,None,62.68790026,35.17142919,90,500,120.0,0.255,1.0,302
Na,None,62.68790026,35.17142919,90,700,120.0,0.255,1.0,388
Ru,None,100.0,0.0,25,500,300.0,0.2,0.1,250
Ru,None,100.0,0.0,25,350,300.0,0.1415,1.0,219
Ru,None,100.0,0.0,25,350,300.0,0.1415,1.0,163
Ru,None,100.0,0.0,25,350,300.0,0.1415,1.0,237
Ru,None,100.0,0.0,25,350,120.0,1.2,1.0,212
Co,Ru,89.79591837,10.20408163,25,350,120.0,1.2,1.0,492
Co,None,100.0,0.0,25,350,120.0,1.0,1.0,546
Ti,Ir,96.18320611,3.816793893,0,25,0.0,0.028,0.1,461
Ti,Ir,94.07114625,5.928853755,0,25,0.0,0.042,0.1,342
Ti,Ir,91.80327869,8.196721311,0,25,0.0,0.056,0.1,377
Ir,None,100.0,0.0,25,500,720.0,0.011,0.1,394
Ir,None,50.0,50.0,25,500,720.0,0.02173198,0.1,351
Ir,Co,50.0,50.0,25,500,720.0,0.046833898,0.1,356
Ir,None,33.33333333,33.33333333,25,500,720.0,0.057565878,0.1,330
Ir,Ni,50.0,50.0,25,500,720.0,0.046833898,0.1,357
Ir,None,33.33333333,33.33333333,25,500,720.0,0.057565878,0.1,335
Ir,None,50.0,50.0,25,500,720.0,0.044034375,0.1,400
Ir,None,33.33333333,33.33333333,25,500,720.0,0.054766355,0.1,376
Ir,None,100.0,0.0,95,400,300.0,0.045,1.0,741
Ir,None,100.0,0.0,25,25,0.0,0.13,1.0,290
Ru,None,90.90909091,9.090909091,25,300,180.0,0.8488,1.0,189
Ru,None,100.0,0.0,25,300,180.0,0.8488,1.0,185
Ru,None,90.90909091,9.090909091,25,300,240.0,0.8488,1.0,154
Ru,None,100.0,0.0,25,300,240.0,0.8488,1.0,167
Ru,Co,85.71428571,14.28571429,80,750,120.0,0.256,1.0,209
Ru,None,100.0,0.0,80,750,120.0,0.256,1.0,342
Ru,Co,75.0,25.0,80,750,120.0,0.256,1.0,280
Ru,Co,90.0,10.0,80,750,120.0,0.256,1.0,224
Ir,None,100.0,0.0,70,800,180.0,0.0035,1.0,216
Ir,None,100.0,0.0,70,800,180.0,0.003,1.0,412
Ir,None,100.0,0.0,70,1000,180.0,0.0085,1.0,394
Ir,None,100.0,0.0,0,450,120.0,0.0407,1.0,299
Ir,None,80.0,10.0,0,450,120.0,0.0407,1.0,227
Ir,None,100.0,0.0,0,450,120.0,0.0407,1.0,254
Ir,None,95.0,5.0,0,450,120.0,0.0407,1.0,238
Ir,None,90.0,10.0,0,450,120.0,0.0407,1.0,235
Ir,None,80.0,20.0,0,450,120.0,0.0407,1.0,242
Ir,None,90.0,10.0,0,450,120.0,0.0407,1.0,236
Ir,None,80.0,10.0,0,450,120.0,0.0407,1.0,202
Ir,None,70.0,20.0,0,450,120.0,0.0407,1.0,224
Co,Ru,74.79619142,25.20380858,25,300,120.0,0.35,1.0,281
Co,Ru,70.36267307,29.63732693,25,300,120.0,0.35,1.0,239
Co,Ru,66.42533436,33.57466564,25,300,120.0,0.35,1.0,232
Co,Ru,62.90529401,37.09470599,25,300,120.0,0.35,1.0,228
Co,Ru,59.73954968,40.26045032,25,300,120.0,0.35,1.0,252
Ti,Ru,61.96031045,35.69270809,70,450,240.0,0.168245,1.0,337
Ti,Ru,79.85456653,13.17732121,165,25,0.0,0.09,0.1,254
Ti,Ru,78.54586388,14.03335616,165,25,0.0,0.09,0.1,307
Ti,Ru,72.95584718,17.68983969,165,25,0.0,0.09,0.1,308
Ti,Ru,65.83413369,22.34822077,165,25,0.0,0.09,0.1,363
Ti,Ir,75.18610422,24.81389578,165,25,0.0,0.09,0.1,306
Ru,Ir,65.4109589,34.5890411,165,25,0.0,0.3,0.1,372
Ru,Ir,65.4109589,34.5890411,165,25,0.0,0.09,0.1,325
Ru,Y,50.0,50.0,80,950,720.0,0.255,1.0,297
Ru,Y,41.61979753,41.61979753,80,400,1440.0,0.255,1.0,250
Ru,Y,35.64547206,35.64547206,80,400,1440.0,0.255,1.0,235
Ir,None,77.04160247,22.95839753,80,25,0.0,0.05095,1.0,271
Ir,None,100.0,0.0,55,450,30.0,0.354,1.0,304
Ir,None,97.0,3.0,55,450,30.0,0.354,1.0,294
Ir,None,95.0,5.0,55,450,30.0,0.354,1.0,287
Ir,None,93.0,7.0,55,450,30.0,0.354,1.0,307
Ir,None,90.0,10.0,55,450,30.0,0.354,1.0,314
Ir,None,95.0,5.0,55,400,30.0,0.354,1.0,370
Ir,None,95.0,5.0,55,500,30.0,0.354,1.0,342
Ir,None,95.0,5.0,55,450,60.0,0.354,1.0,333
Ir,None,100.0,0.0,120,450,60.0,0.006868734,0.1,298
Ti,Ir,65.1255892,34.8744108,120,450,60.0,0.006940071,0.1,297
Ti,Ir,88.22351982,11.77648018,120,450,60.0,0.006613959,0.1,286
Ti,Ir,96.77059312,3.229406876,120,450,60.0,0.009192282,0.1,284
Ir,Co,75.0,25.0,25,500,60.0,0.8488,1.0,252
Ir,Co,50.0,50.0,25,500,60.0,0.8488,1.0,244
Co,Ir,75.0,25.0,25,500,60.0,0.8488,1.0,249
Ru,None,50.0,50.0,25,1200,600.0,0.5,1.0,190
Ru,None,100.0,0.0,25,800,600.0,0.5,1.0,300
Ir,Ni,90.0,10.0,70,25,0.0,0.0627,1.0,261
Ir,Ni,90.0,10.0,70,300,30.0,0.0627,1.0,270
Ir,Ni,90.0,10.0,70,400,30.0,0.0627,1.0,293
Ir,Ni,90.0,10.0,70,500,30.0,0.0627,1.0,314
Ir,None,50.0,50.0,80,500,180.0,0.5,1.0,156
Co,None,90.0,10.0,80,400,60.0,490.0,1.0,423
Co,None,100.0,0.0,80,400,60.0,490.0,1.0,507
Co,None,95.0,5.0,80,400,60.0,490.0,1.0,442
Co,None,88.88888889,11.11111111,80,400,60.0,490.0,1.0,454
Co,None,90.0,10.0,80,300,60.0,490.0,1.0,415
Co,None,90.0,10.0,80,500,60.0,490.0,1.0,411
Ru,Y,50.0,50.0,80,900,360.0,0.071,1.0,310
Ru,Y,50.0,47.5,80,900,360.0,0.071,1.0,283
Ru,Y,50.0,45.0,80,900,360.0,0.071,1.0,273
Ru,Y,50.0,42.5,80,900,360.0,0.071,1.0,265
Ru,Y,50.0,40.0,80,900,360.0,0.071,1.0,269
Ru,None,100.0,0.0,25,600,120.0,0.166666666,1.0,296
Ru,None,100.0,0.0,25,700,120.0,0.166666666,1.0,283
Ru,None,100.0,0.0,25,800,120.0,0.166666666,1.0,257
Ru,None,100.0,0.0,25,900,120.0,0.166666666,1.0,270
Ir,None,50.0,50.0,25,500,15.0,0.163,0.1,290
Ir,None,50.0,50.0,25,550,15.0,0.163,0.1,274
Ir,None,50.0,50.0,25,600,15.0,0.163,0.1,285
Ir,None,100.0,0.0,160,400,180.0,0.00629109,1.0,404
Ir,None,100.0,0.0,160,600,180.0,0.00629109,1.0,315
Ir,None,100.0,0.0,160,800,180.0,0.00629109,1.0,350
Ru,None,100.0,0.0,-196,500,360.0,0.098,1.0,169
Ru,None,58.00112333,41.99887667,180,250,60.0,0.178977272,1.0,236
Ru,None,58.00112333,41.99887667,180,250,60.0,0.178977272,1.0,249
Ru,None,58.00112333,41.99887667,180,250,60.0,0.178977272,0.1,245
Ru,None,58.00112333,41.99887667,180,250,60.0,0.178977272,0.1,258
Ru,Co,51.67019554,48.32980446,25,350,240.0,0.8492569,1.0,197
Ru,Co,58.38582835,41.61417165,25,350,240.0,0.8492569,1.0,191
Ru,Co,65.16533159,34.83466841,25,350,240.0,0.8492569,1.0,175
Ru,Co,73.72607633,26.27392367,25,350,240.0,0.8492569,1.0,170
Ru,Co,65.16533159,34.83466841,25,400,240.0,0.8492569,1.0,181
Ru,Co,65.16533159,34.83466841,25,450,240.0,0.8492569,1.0,193
Ru,Co,65.16533159,34.83466841,25,500,240.0,0.8492569,1.0,215
Sr,None,50.0,25.0,25,1100,1440.0,0.255102,0.1,386
Sr,Co,50.0,25.0,25,1100,1440.0,0.255102,0.1,415
Sr,None,66.66666667,16.66666667,25,1300,1440.0,0.255102,0.1,413
Ir,None,100.0,0.0,25,300,90.0,0.2038,0.1,255
Ru,Co,69.65593248,30.34406752,200,900,240.0,0.0905,1.0,190
Co,None,100.0,0.0,200,900,240.0,0.0905,1.0,465
Ir,None,100.0,0.0,25,550,2.0,0.8492569,2.0,280
Ru,Ir,70.0,30.0,70,450,60.0,0.4,0.2,251
Ru,Y,50.0,50.0,80,1000,360.0,0.025,0.1,326
Ru,None,50.0,50.0,80,1000,360.0,0.025,0.1,336
Ru,None,50.0,50.0,80,1000,360.0,0.025,0.1,343
Sr,Ir,79.51807229,6.827309237,180,600,360.0,0.21,0.1,247
Ir,None,100.0,0.0,180,600,360.0,0.21,0.1,319
Ir,None,90.0,10.0,180,400,60.0,0.38,1.0,328
Ir,None,70.0,30.0,180,400,60.0,0.38,1.0,345
Ir,None,50.0,50.0,180,400,60.0,0.38,1.0,357
Ru,None,100.0,0.0,195,400,60.0,0.01,1.0,297
Ir,None,100.0,0.0,195,400,60.0,0.01,1.0,463
Ru,Ir,50.0,50.0,195,400,60.0,0.01,1.0,415
Ir,None,100.0,0.0,150,600,360.0,0.2,0.1,370
Ir,None,100.0,0.0,150,200,360.0,0.2,0.1,330
Ru,Y,50.0,50.0,80,1100,720.0,0.246,1.0,302
Ru,Y,50.0,47.5,80,1100,720.0,0.246,1.0,269
Ru,Y,50.0,46.25,80,1100,720.0,0.246,1.0,259
Ru,Y,50.0,43.75,80,1100,720.0,0.246,1.0,263
Ru,Y,50.0,40.0,80,1100,720.0,0.246,1.0,273
Ir,None,50.20710026,45.80946776,80,200,60.0,0.0509554,1.0,382
Ir,None,100.0,0.0,80,200,60.0,0.0509554,1.0,352
Ir,None,70.0,30.0,250,600,6.0,0.2,0.1,351
Ir,None,90.0,10.0,250,600,6.0,0.2,0.1,375
Ru,None,100.0,0.0,160,350,240.0,0.275,1.0,184
Ru,None,75.00418196,24.99581804,160,250,240.0,0.275,1.0,180
Ru,None,75.00418196,24.99581804,160,350,240.0,0.275,1.0,177
Ru,None,75.00418196,24.99581804,160,450,240.0,0.275,1.0,206
Ir,None,54.54545455,45.45454545,240,25,0.0,0.012,0.1,307
Sr,Ir,98.42007435,1.579925651,180,700,720.0,0.21,0.1,243
Sr,Ir,50.0,50.0,25,1150,60.0,0.21,0.1,310
Ru,None,100.0,0.0,25,300,240.0,0.275,1.0,188
Ru,None,100.0,0.0,25,400,240.0,0.275,1.0,201
Ru,None,100.0,0.0,25,500,240.0,0.275,1.0,230
Ru,None,100.0,0.0,25,600,240.0,0.275,1.0,367
Ir,None,58.72483221,41.27516779,150,400,360.0,0.1716,0.1,312
Ir,None,100.0,0.0,150,600,360.0,0.2,0.1,339
Co,None,50.0,50.0,200,200,1440.0,0.85,1.0,570
Co,None,50.0,50.0,200,200,1440.0,1.0,1.0,870
Co,None,49.80718298,49.80718298,200,200,1440.0,0.85,1.0,540
Co,None,49.80718298,49.80718298,200,200,1440.0,1.0,1.0,380
Co,None,49.80718298,49.80718298,200,200,1440.0,0.85,1.0,520
Co,None,49.80718298,49.80718298,200,200,1440.0,0.85,1.0,510
Co,None,49.80718298,49.80718298,200,200,1440.0,0.85,1.0,500
Co,None,49.80718298,49.80718298,200,200,1440.0,0.85,1.0,490
Co,None,49.80718298,49.80718298,200,200,1440.0,0.85,1.0,450
Co,None,49.80718298,49.80718298,200,200,1440.0,0.85,1.0,410
Co,None,49.80718298,49.80718298,200,200,1440.0,0.85,1.0,370
Co,None,49.80718298,49.80718298,200,200,1440.0,0.85,1.0,480
Co,None,49.90340524,49.90340524,200,200,1440.0,0.85,1.0,513
Co,None,49.61584738,49.61584738,200,200,1440.0,0.85,1.0,563
Ir,Ru,50.69969717,49.30030283,180,550,30.0,0.05,1.0,333
Ir,Ru,43.66294726,42.45777869,180,550,30.0,0.05,1.0,225
Ir,Ru,43.66294726,42.45777869,180,750,30.0,0.05,1.0,266
Ir,Ru,50.69969717,49.30030283,180,550,30.0,0.05,1.0,281
Ir,Ru,50.69969717,49.30030283,180,550,30.0,0.05,0.1,448
Ir,Ru,43.66294726,42.45777869,180,550,30.0,0.05,0.1,239
Ir,Ru,43.66294726,42.45777869,180,750,30.0,0.05,0.1,290
Ir,Ru,50.69969717,49.30030283,180,550,30.0,0.05,0.1,319
Ru,None,97.9,2.1,180,25,0.0,0.1632648,1.0,234
Ir,None,99.1,0.9,180,25,0.0,0.1632648,1.0,312
Ru,None,97.9,2.1,180,25,0.0,0.1632648,0.1,260
Ir,None,99.1,0.9,180,25,0.0,0.1632648,0.1,341
Ru,None,97.9,2.1,180,25,0.0,0.1632648,1.0,234
Ir,None,100.0,0.0,80,250,30.0,0.05,0.1,286
Ir,None,100.0,0.0,80,250,30.0,0.05,0.1,299
Ir,None,100.0,0.0,80,250,30.0,0.05,0.1,315
Ir,None,33.33333333,33.33333333,25,1200,240.0,1.0,0.1,302
Ir,None,40.0,40.0,25,1200,240.0,1.0,0.1,343
Ir,None,33.33333333,33.33333333,25,1000,240.0,1.0,0.1,317
Ir,None,33.33333333,33.33333333,25,1400,240.0,1.0,0.1,310
Ir,None,50.0,50.0,240,25,0.0,0.402,2.0,318
Na,Ru,99.0,1.0,25,350,3.0,0.03125,1.0,235
Na,Ru,99.0,1.0,25,350,3.0,0.0615,1.0,222
Na,Ru,99.0,1.0,25,350,3.0,0.125,1.0,210
Na,Ru,99.0,1.0,25,350,3.0,0.25,1.0,199
Na,Ru,99.0,1.0,25,350,3.0,0.375,1.0,190
Na,Ru,99.0,1.0,25,350,180.0,0.125,1.0,221
Ir,None,100.0,0.0,90,25,0.0,0.0051,0.1,328
Ir,None,55.35091791,44.64908209,90,25,0.0,0.0051,0.1,292
Ir,None,55.35091791,44.64908209,90,25,0.0,0.0102,0.1,276
Ir,None,55.35091791,44.64908209,90,25,0.0,0.051,0.1,256
Ru,None,100.0,0.0,90,25,0.0,0.0051,0.1,240
Ru,None,55.35091791,44.64908209,90,25,0.0,0.0051,0.1,229
Na,Ir,99.18286841,0.817131586,90,400,120.0,0.125,1.0,312
Ir,None,100.0,0.0,160,25,0.0,0.02140127,0.1,290
Ir,None,85.0,15.0,25,500,60.0,0.024,1.0,270
Ir,None,80.0,20.0,25,500,60.0,0.024,1.0,224
Ir,None,75.0,25.0,25,500,60.0,0.024,1.0,238
Ru,None,50.0,50.0,25,800,420.0,0.2,1.0,239
Ir,None,90.0,10.0,25,550,120.0,0.1,1.0,379
Ir,None,70.0,30.0,25,550,120.0,0.1,1.0,427
Ir,None,50.0,50.0,25,550,120.0,0.1,1.0,446
Ir,None,100.0,0.0,25,550,120.0,0.1,1.0,403
Ru,Ir,51.5780545,48.4219455,198,25,0.0,0.050955,0.1,284
Ir,Ru,50.65544242,49.34455758,198,25,0.0,0.050955,0.1,342
Co,None,80.0,20.0,25,450,30.0,1.0,1.0,587
Ir,None,100.0,0.0,280,25,0.0,5.0,1.0,316
Ir,None,75.0,25.0,280,25,0.0,5.0,1.0,287
Ir,None,50.0,50.0,280,25,0.0,5.0,1.0,279
Ir,None,100.0,0.0,300,25,0.0,0.092,0.5,336
Ir,Ni,50.0,50.0,300,25,0.0,0.111224167,0.5,319
Ir,Ni,40.0,40.0,300,25,0.0,0.125742917,0.5,304
Ir,Ni,33.33333333,33.33333333,300,25,0.0,0.130117708,0.5,286
Ru,None,82.9927883,17.0072117,230,25,0.0,0.10191,1.0,235
Ru,None,82.9927883,17.0072117,230,25,0.0,0.10191,1.0,201
Ru,None,82.9927883,17.0072117,230,25,0.0,0.10191,1.0,224
Ru,None,100.0,0.0,-77,250,,0.75,6.0,297
Ru,None,100.0,0.0,-77,300,,0.75,6.0,313
Ru,None,100.0,0.0,-77,300,,0.43,6.0,282
Ru,None,100.0,0.0,-77,300,,0.74,6.0,270
Ru,None,100.0,0.0,-77,350,,0.72,6.0,273
Ru,None,100.0,0.0,180,25,0.0,0.12,0.1,224
Ru,None,100.0,0.0,180,25,0.0,0.12,0.1,236
Ru,None,100.0,0.0,180,25,0.0,0.12,0.1,269
Ir,None,100.0,0.0,150,25,0.0,0.14,1.0,314
Ir,None,100.0,0.0,150,25,0.0,0.14,1.0,305
Ir,None,100.0,0.0,150,25,0.0,0.14,1.0,283
Co,None,100.0,0.0,25,600,180.0,0.254777,0.1,485
Co,Ru,94.60817912,5.391820882,25,600,180.0,0.254777,0.1,390
Co,Ru,87.25701944,12.74298056,25,600,180.0,0.254777,0.1,323
Co,Ru,79.97737557,20.02262443,25,600,180.0,0.254777,0.1,340
Co,Ru,71.97149644,28.02850356,25,600,180.0,0.254777,0.1,408
Co,Ru,87.25701944,12.74298056,25,150,180.0,0.254777,0.1,320
Co,Ru,87.25701944,12.74298056,25,300,180.0,0.254777,0.1,297
Co,Ru,87.25701944,12.74298056,25,400,180.0,0.254777,0.1,351
Co,Ru,87.25701944,12.74298056,25,500,180.0,0.254777,0.1,376
Ir,None,100.0,0.0,150,250,0.0,0.14,1.0,299
Ir,None,100.0,0.0,25,800,60.0,0.02502,0.1,264
Ir,None,50.0,50.0,80,550,5.0,2.0,1.0,420
Ru,Ir,66.66666667,33.33333333,80,600,120.0,0.35,1.0,251
Ru,Ir,50.0,50.0,80,600,120.0,0.35,1.0,241
Ir,Ru,66.66666667,33.33333333,80,600,120.0,0.35,1.0,260
Ir,None,100.0,0.0,80,600,120.0,0.35,1.0,317
Sr,Ir,80.0,20.0,25,1200,30.0,0.266666667,0.1,287
Sr,Ir,66.66666667,33.33333333,25,1200,30.0,0.18,0.1,286
Sr,Ir,50.0,50.0,25,900,720.0,0.136666667,0.1,353
Ir,None,100.0,0.0,25,900,720.0,0.093333333,0.1,396
Sr,Ir,80.0,20.0,25,1200,30.0,0.266666667,1.0,342
Sr,Ir,66.66666667,33.33333333,25,1200,30.0,0.18,1.0,291
Sr,Ir,50.0,50.0,25,900,720.0,0.136666667,1.0,378
Ir,None,100.0,0.0,25,900,720.0,0.093333333,1.0,442
Ru,None,88.49557522,11.50442478,135,25,0.0,0.407643312,0.1,225
Ir,None,90.0,10.0,220,400,720.0,0.2,0.1,318
Ir,None,80.0,20.0,220,400,720.0,0.2,0.1,309
Ir,None,70.0,30.0,220,400,720.0,0.2,0.1,323
Ir,None,60.0,40.0,220,400,720.0,0.2,0.1,302
Ir,None,100.0,0.0,200,25,0.0,0.05,1.0,264
Ir,None,100.0,0.0,25,25,0.0,0.05,1.0,288
Ti,Ir,83.14321322,16.85678678,80,400,60.0,0.035258784,1.0,236
Ir,Ru,50.0,50.0,80,450,60.0,0.379,1.0,312
Ir,Ru,66.66666667,33.33333333,80,450,60.0,0.379,1.0,299
Ir,Ru,75.0,25.0,80,450,60.0,0.379,1.0,281
Ir,Ru,80.0,20.0,80,450,60.0,0.379,1.0,301
Ir,None,100.0,0.0,25,450,60.0,0.379,1.0,317
Ir,Ru,75.0,25.0,25,450,60.0,0.379,1.0,293
Ir,Ru,75.0,25.0,80,450,60.0,0.279,1.0,291
Ir,Ru,75.0,25.0,80,450,60.0,0.179,1.0,304
Ir,Ru,75.0,25.0,80,450,60.0,0.1,1.0,316
Ir,Ru,75.0,25.0,80,450,60.0,0.079,1.0,324
Ru,None,100.0,0.0,190,300,120.0,0.0135,1.0,431
Ru,None,50.0,50.0,190,300,120.0,0.0135,1.0,270
Ru,None,66.66666667,33.33333333,140,25,0.0,0.4076433,0.1,220
Ru,None,90.0,10.0,80,400,120.0,0.33,1.0,224
Ru,None,80.0,20.0,80,400,120.0,0.33,1.0,213
Ru,None,70.0,30.0,80,400,120.0,0.33,1.0,213
Ru,None,90.0,10.0,80,400,120.0,0.33,1.0,193
Ru,None,70.0,20.0,80,400,120.0,0.33,1.0,168
Ru,None,60.0,20.0,80,400,120.0,0.33,1.0,174
Ru,None,100.0,0.0,25,300,120.0,0.0028,1.0,267
Ir,Ni,72.53445334,27.46554666,200,25,0.0,0.188461538,1.0,329
Ir,Ni,72.53445334,27.46554666,190,25,0.0,0.188461538,1.0,318
Ir,Ni,72.53445334,27.46554666,180,25,0.0,0.188461538,1.0,315
Ru,None,100.0,0.0,160,25,0.0,0.0246,0.1,223
Ru,None,90.0,10.0,160,25,0.0,0.0246,0.1,208
Ru,None,90.0,10.0,160,400,120.0,0.0246,0.1,248
Ti,Ir,98.32884097,1.67115903,160,25,0.0,0.01895,1.0,429
Ti,Ir,94.60869565,5.391304348,160,25,0.0,0.05685,1.0,324
Ti,Ir,87.84313725,12.15686275,160,25,0.0,0.1137,1.0,293
Ti,Ir,82.28571429,17.71428571,160,25,0.0,0.1516,1.0,284
Ti,Ir,75.59055118,24.40944882,160,25,0.0,0.1895,1.0,274
Ti,Ir,67.36842105,32.63157895,160,25,0.0,0.2274,1.0,265
Ti,Ir,57.02970297,42.97029703,160,25,0.0,0.2653,1.0,270
Ti,Ir,67.36842105,32.63157895,160,25,0.0,0.1674,1.0,275
Ti,Ir,67.36842105,32.63157895,160,25,0.0,0.1074,1.0,285
Ti,Ir,67.36842105,32.63157895,160,25,0.0,0.0474,1.0,294
Ru,Ir,92.0,8.0,220,25,0.0,0.05,1.0,165
Ru,Ir,92.0,8.0,230,25,0.0,0.05,1.0,242
Ru,Ir,92.0,8.0,220,25,0.0,0.05,0.1,170
Ru,Ir,92.0,8.0,230,25,0.0,0.05,0.1,181
Ru,Ir,92.0,8.0,230,500,5.0,0.05,1.0,284
Sr,Ir,88.86129964,11.13870036,150,700,360.0,0.9,1.0,248
Ir,None,100.0,0.0,80,150,60.0,0.0091,1.0,250
Ir,None,100.0,0.0,80,400,60.0,0.0091,1.0,290
Ru,None,100.0,0.0,90,400,60.0,0.18,1.0,310
Ru,Ir,80.0,20.0,90,400,60.0,0.18,1.0,362
Ir,Ru,80.0,20.0,90,400,60.0,0.18,1.0,399
Ir,None,100.0,0.0,160,250,120.0,0.0102,0.1,454
Ir,None,100.0,0.0,60,400,5.0,0.042,1.0,236
Ir,None,50.0,50.0,100,900,1440.0,0.057,0.1,298
Ir,None,50.0,50.0,100,900,1440.0,0.057,0.1,325
Ir,None,50.0,50.0,100,900,1440.0,0.057,0.1,354
Ir,None,50.0,50.0,100,900,1440.0,0.057,0.1,387
Ir,None,50.0,50.0,100,900,1440.0,0.057,0.1,409
Ir,None,100.0,0.0,25,450,120.0,0.816,1.0,334
Ir,None,50.0,50.0,25,400,120.0,0.816,1.0,284
Ir,None,50.0,50.0,25,450,120.0,0.816,1.0,267
Ir,None,50.0,50.0,25,500,120.0,0.816,1.0,321
Ir,None,66.66666667,33.33333333,25,450,120.0,0.816,1.0,432
Ru,None,100.0,0.0,180,400,60.0,0.101910828,1.0,260
Ru,None,100.0,0.0,25,500,60.0,0.101910828,1.0,280
Ru,None,100.0,0.0,120,350,720.0,0.138857142,1.0,260
Ru,Ir,90.0,10.0,25,400,60.0,0.38,1.0,270
Sr,Ir,88.86129964,11.13870036,150,500,180.0,0.45,0.1,252
Sr,Ir,87.88240387,11.01599648,150,500,180.0,0.45,0.1,238
Sr,Ir,87.40099932,10.95565276,150,500,180.0,0.45,0.1,247
Sr,Ir,86.92484014,10.89596655,150,500,180.0,0.45,0.1,234
Sr,Ir,86.45384106,10.83692715,150,500,180.0,0.45,0.1,284
Sr,Ir,85.98791866,10.77852411,150,500,180.0,0.45,0.1,289
Sr,Ir,86.92484014,10.89596655,150,500,180.0,0.45,0.1,290
Sr,Ir,86.92484014,10.89596655,150,500,180.0,0.45,0.1,263
Sr,Ir,86.92484014,10.89596655,150,500,180.0,0.45,0.1,251
Sr,Ir,86.92484014,10.89596655,150,500,180.0,0.45,0.1,275
Sr,Ru,50.0,50.0,140,800,720.0,0.5,0.1,186
Sr,Ru,50.0,47.5,140,950,720.0,0.5,0.1,138
Sr,Ru,50.0,45.0,140,950,720.0,0.5,0.1,152
Sr,Ru,50.0,40.0,140,950,720.0,0.5,0.1,143
Sr,Ir,50.0,25.0,140,900,3600.0,0.255,0.1,295
Sr,Ir,50.0,25.0,140,1100,720.0,0.255,0.1,305
Sr,Ir,50.0,25.0,140,1100,720.0,0.255,0.1,330
Sr,Ir,50.0,25.0,140,1100,720.0,0.255,0.1,420
Ir,None,100.0,0.0,30,25,0.0,0.00392,0.1,309
Ir,None,100.0,0.0,60,25,0.0,0.00392,0.1,301
Ir,None,100.0,0.0,80,25,0.0,0.00392,0.1,287
Ir,None,100.0,0.0,100,25,0.0,0.00392,0.1,285
Ir,None,100.0,0.0,230,300,60.0,0.0093,0.1,305
Sr,Co,50.0,45.0,25,1100,720.0,0.25477707,0.1,304
Sr,Ir,78.19677705,21.80322295,150,700,360.0,0.2264,1.0,269
Sr,Ir,73.28657643,20.43413585,150,700,360.0,0.2264,1.0,228
Ir,None,95.23809524,4.761904762,100,25,0.0,0.0972,0.1,277
Ir,None,83.33333333,16.66666667,100,25,0.0,0.097,0.1,294
Sr,Ir,50.0,50.0,25,900,1080.0,0.038216561,2.0,354
Sr,Ir,50.0,50.0,25,900,1080.0,0.038216561,2.0,282
Ir,None,100.0,0.0,160,25,0.0,0.0125,0.1,298
Ir,None,50.0,50.0,200,25,0.0,0.0125,0.1,305
Ir,Co,50.0,50.0,200,25,0.0,0.0125,0.1,308
Ir,Ni,66.66666667,33.33333333,180,25,0.0,0.0125,0.1,282
Ir,Ni,50.0,50.0,180,25,0.0,0.0125,0.1,280
Ir,None,71.34375262,28.65624738,190,25,0.0,0.0255,0.1,290
Ir,Ni,28.57142857,28.57142857,260,25,0.0,0.019267823,0.1,318
Ir,None,100.0,0.0,25,400,15.0,0.089681528,0.1,248
Ir,None,100.0,0.0,25,450,15.0,0.089681528,0.1,247
Ir,None,100.0,0.0,25,500,15.0,0.089681528,0.1,299
Ir,None,100.0,0.0,25,550,15.0,0.089681528,0.1,304
Ir,Ru,70.0,30.0,25,450,15.0,0.089681528,0.1,193
Ti,None,60.4901321,25.92434233,180,25,0.0,0.026751592,1.0,360
Ti,None,55.13943102,23.63118472,180,25,0.0,0.030573248,1.0,384
Co,None,100.0,0.0,25,350,240.0,5.04,1.0,385
Co,None,100.0,0.0,25,350,300.0,5.04,1.0,368
Co,None,100.0,0.0,25,350,60.0,5.04,1.0,372
Ru,Y,63.22874558,34.02104156,85,1050,720.0,0.2038216,1.0,290
Ru,Y,65.01684727,34.98315273,85,1050,720.0,0.2038216,1.0,370
Ir,None,100.0,0.0,250,500,300.0,0.2,0.1,364
Ir,None,66.66666667,33.33333333,250,500,300.0,0.2,0.1,331
Ir,None,50.0,50.0,250,500,300.0,0.2,0.1,349
Ir,Ru,70.0,30.0,25,490,30.0,0.06,0.1,362
Ir,None,100.0,0.0,60,400,120.0,0.994718395,1.0,269
Ir,None,80.0,20.0,60,400,120.0,0.994718395,1.0,283
Ir,None,60.0,40.0,60,400,120.0,0.994718395,1.0,276
Ir,None,52.63157895,47.36842105,200,25,0.0,0.078,0.1,346
Ir,None,52.63157895,47.36842105,200,25,0.0,0.078,0.1,323
Ti,Ir,91.55313351,8.446866485,80,25,0.0,0.063697513,1.0,347
Ti,Ir,88.94003913,11.05996087,80,25,0.0,0.078984916,1.0,323
Ti,Ir,84.42211055,15.57788945,80,25,0.0,0.10191602,1.0,333
Ti,Ir,78.32167832,21.67832168,80,25,0.0,0.129942926,1.0,336
Ir,None,100.0,0.0,25,200,120.0,0.06,0.1,326
Co,Ir,50.0,50.0,25,1100,1.0,0.0258,0.1,345
Co,Ir,75.0,25.0,25,1100,1.0,0.0258,0.1,289
Co,Ir,83.33333333,16.66666667,25,1100,1.0,0.0258,0.1,288
Co,Ir,90.90909091,9.090909091,25,300,180.0,0.0258,0.1,306
Co,Ir,75.0,25.0,25,200,120.0,0.06,0.1,300
Co,Ir,96.59042066,3.409579345,25,600,120.0,0.226,1.0,523
Co,Ir,96.59042066,3.409579345,25,700,120.0,0.226,1.0,383
Co,Ir,96.59042066,3.409579345,25,850,120.0,0.226,1.0,365
Co,Ir,76.4940239,23.5059761,35,25,0.0,0.212206591,2.0,280
Co,Ir,61.93548387,38.06451613,35,25,0.0,0.212206591,2.0,294
Co,Ir,86.68171558,13.31828442,35,25,0.0,0.212206591,2.0,311
Ir,None,100.0,0.0,25,190,30.0,0.0028,1.0,321
Ir,None,100.0,0.0,25,190,30.0,0.0056,1.0,302
Ir,None,100.0,0.0,25,190,30.0,0.0084,1.0,292
Ir,None,100.0,0.0,25,190,30.0,0.0112,1.0,287
Ir,None,100.0,0.0,25,190,30.0,0.014,1.0,284
Ti,Ir,85.71428571,14.28571429,25,500,60.0,0.229394242,0.1,335
Ti,Ir,80.8988764,14.843288,25,500,60.0,0.229394242,0.1,315
Ti,Ir,76.14571093,15.39365452,25,500,60.0,0.229394242,0.1,316
Ti,None,66.82134571,16.47331787,25,500,60.0,0.229394242,0.1,306
Co,Ni,65.18998557,32.59499279,25,300,120.0,1.501,1.0,240
Co,Ni,65.18998557,32.59499279,25,400,120.0,1.501,1.0,319
Co,Ni,65.18998557,32.59499279,25,500,120.0,1.501,1.0,342
Co,Ir,96.71386187,3.28613813,25,300,120.0,1.501,1.0,278
Ir,None,63.9151002,36.0848998,80,25,0.0,0.48,0.1,516
Ir,None,63.9151002,36.0848998,80,25,0.0,0.3912,0.1,523
Ir,None,63.9151002,36.0848998,80,25,0.0,0.33984,0.1,433
Ir,None,63.9151002,36.0848998,80,25,0.0,0.25488,0.1,534
Ir,None,100.0,0.0,25,900,120.0,0.048462,1.0,290
Ti,Ir,88.3550731,6.994659897,80,200,60.0,0.04331209,1.0,416
Ti,Ir,87.91394816,7.45900194,80,200,60.0,0.04585986,1.0,387
Ti,Ir,86.08458885,9.384643311,80,200,60.0,0.05605094,1.0,354
Ti,Ir,84.14438003,11.42696839,80,200,60.0,0.06624202,1.0,323
Ti,Ir,80.45028143,15.31549324,80,200,60.0,0.084076433,1.0,304
Ir,None,100.0,0.0,80,200,60.0,0.25477707,1.0,301
Ru,None,50.0,50.0,25,900,360.0,0.2,0.1,280
Ru,Y,50.0,50.0,25,900,360.0,0.2,0.1,312
Ru,None,100.0,0.0,25,900,360.0,0.2,0.1,420
Ru,None,50.0,50.0,25,900,360.0,0.2,0.1,215
Sr,Ir,69.21815502,23.86226449,25,1200,15.0,0.025477707,0.1,359
Sr,Ir,68.55952767,17.73299428,25,1200,15.0,0.025477707,0.1,347
Sr,Ru,68.21739837,17.07448021,25,1200,15.0,0.025477707,0.1,338
Sr,Ru,67.93104674,20.37273367,25,1200,15.0,0.025477707,0.1,339
Sr,Ru,67.29657368,26.90993761,25,1200,15.0,0.025477707,0.1,357
Ir,None,100.0,0.0,0,400,60.0,0.142,1.0,335
Ir,None,100.0,0.0,0,400,60.0,0.142,1.0,291
Ir,None,100.0,0.0,0,400,60.0,0.142,1.0,346
Ir,None,100.0,0.0,25,25,0.0,0.00196,0.1,314
Ru,None,100.0,0.0,50,450,60.0,0.15,1.0,282
Ir,None,100.0,0.0,50,450,60.0,0.15,1.0,337
Ru,Ir,75.0,25.0,50,450,60.0,0.15,1.0,232
Ru,Ir,50.0,50.0,50,450,60.0,0.15,1.0,206
Ir,Ru,75.0,25.0,50,450,60.0,0.15,1.0,250
Ir,None,52.930948,47.069052,250,25,0.0,0.013458333,0.1,305
Ir,None,65.50883789,25.0,25,900,900.0,0.2,0.1,344
Co,Ir,63.16121901,21.04847624,25,500,120.0,0.152866242,1.0,319
Ir,None,100.0,0.0,25,450,120.0,0.204,1.0,198
Ir,None,100.0,0.0,25,450,120.0,0.204,1.0,199
Ir,None,100.0,0.0,25,450,120.0,0.204,1.0,190
Ir,None,100.0,0.0,25,650,180.0,0.010791325,1.0,369
Ir,None,100.0,0.0,25,650,180.0,0.010791325,1.0,301
Ir,None,100.0,0.0,25,650,180.0,0.010791325,1.0,338
Sr,Ir,50.67965588,49.32034412,25,1000,180.0,0.404,0.1,254
Sr,Ir,50.67965588,49.32034412,25,1100,180.0,0.404,0.1,245
Sr,Ir,50.67965588,49.32034412,25,1200,180.0,0.404,0.1,251
Sr,Ir,50.67965588,49.32034412,25,1000,180.0,0.404,1.0,278
Sr,Ir,50.67965588,49.32034412,25,1100,180.0,0.404,1.0,263
Sr,Ir,50.67965588,49.32034412,25,1200,180.0,0.404,1.0,288
Sr,Ir,50.0,50.0,25,850,720.0,0.404,0.1,256
Sr,Ir,50.0,50.0,25,850,720.0,0.404,1.0,270
Ir,None,70.0,30.0,140,25,0.0,0.0285,1.0,319
Ir,None,100.0,0.0,140,25,0.0,0.0285,1.0,279
Ir,None,100.0,0.0,320,25,0.0,0.046,0.1,290
Na,Ir,94.11764706,5.882352941,25,25,0.0,0.1,0.1,366
Na,Ir,88.88888889,11.11111111,25,25,0.0,0.1,0.1,288
Ru,None,66.66666667,33.33333333,140,25,0.0,0.40764,0.1,219
Ir,None,50.0,50.0,25,500,160.0,2.0,1.0,326
Ir,None,67.0,33.0,25,500,160.0,2.0,1.0,335
Ir,None,75.0,25.0,25,500,160.0,2.0,1.0,343
Ir,None,80.0,20.0,25,500,160.0,2.0,1.0,350
Ir,None,90.0,10.0,25,500,160.0,2.0,1.0,371
Ir,None,100.0,0.0,60,450,60.0,0.102,1.0,344
Ir,Ni,90.0,10.0,60,450,60.0,0.102,1.0,343
Ir,Ni,80.0,20.0,60,450,60.0,0.102,1.0,334
Ir,Ni,70.0,30.0,60,450,60.0,0.102,1.0,336
Ir,Ni,60.0,40.0,60,450,60.0,0.102,1.0,338
Ir,Ni,50.0,50.0,60,450,60.0,0.102,1.0,374
Ir,None,100.0,0.0,25,450,15.0,0.179363057,0.1,220
Co,Ir,91.16809117,8.831908832,120,300,20.0,0.016276596,0.1,308
Ir,None,59.88023952,40.11976048,150,400,360.0,0.128,0.1,306
Ir,None,66.22516556,33.77483444,150,400,360.0,0.107,0.1,294
Ir,None,80.0,20.0,150,400,360.0,0.075,0.1,289
Ir,None,100.0,0.0,150,400,360.0,0.2,0.1,337
Ir,None,100.0,0.0,150,200,360.0,0.2,0.1,347
Ir,None,100.0,0.0,150,500,360.0,0.2,0.1,381
Ir,None,100.0,0.0,150,600,360.0,0.2,0.1,398
Ir,None,100.0,0.0,150,700,360.0,0.2,0.1,431
Ru,Y,50.0,50.0,80,1050,720.0,0.206666667,1.0,303
Ru,Y,50.0,47.5,80,1050,720.0,0.206666667,1.0,284
Ru,Y,50.0,46.25,80,1050,720.0,0.206666667,1.0,279
Ru,Y,50.0,43.75,80,1050,720.0,0.206666667,1.0,288
Ru,Y,50.0,40.0,80,1050,720.0,0.206666667,1.0,298
Ir,Ni,77.0,23.0,250,25,0.0,0.011136242,0.1,294
Ir,Co,77.0,23.0,250,25,0.0,0.011136242,0.1,313
Ir,None,100.0,0.0,250,25,0.0,0.0102,0.1,328
Ir,Co,60.60606061,39.39393939,280,25,0.0,0.018,0.1,283
Co,Ir,59.67741935,40.32258065,280,25,0.0,0.018,0.1,300
Co,Ir,73.0458221,26.9541779,280,25,0.0,0.018,0.1,292
Ir,None,100.0,0.0,280,25,0.0,0.018,0.1,312
Ir,Ni,33.33333333,33.33333333,270,200,300.0,0.050955414,0.1,273
Ir,None,100.0,0.0,270,200,300.0,0.050955414,0.1,345
Ir,None,100.0,0.0,90,300,120.0,0.014,1.0,290
Ir,None,100.0,0.0,160,25,0.0,0.5823,0.1,245
Sr,Ir,50.0,25.0,25,1200,1440.0,0.03,0.1,393
Co,Ir,64.64451314,35.35548686,250,250,60.0,0.0125,0.1,311
Ir,None,60.0,40.0,25,350,360.0,0.56,1.0,245
Ir,None,60.0,40.0,25,450,360.0,0.56,1.0,292
Ir,None,70.0,30.0,25,350,360.0,0.56,1.0,248
Ir,None,50.0,50.0,25,350,360.0,0.56,1.0,251
Co,None,65.5922643,32.79613215,25,900,150.0,0.3375,1.0,270
Ru,Ir,75.0,25.0,25,400,60.0,0.38,1.0,266
Ti,Ir,69.69409082,30.30590918,100,500,30.0,0.011666667,0.1,445
Ir,None,100.0,0.0,150,25,0.0,0.142857143,1.0,254
Ru,Ir,68.91276794,31.08723206,25,25,0.0,0.019285714,1.0,298
Ru,Ir,68.91276794,31.08723206,25,400,120.0,0.018214286,1.0,188
Ir,None,50.0,50.0,180,250,480.0,0.004076433,1.0,309
Ir,None,50.0,50.0,180,250,480.0,0.004076433,1.0,348
Ir,None,75.0,25.0,280,25,0.0,0.012,0.1,281
Ir,None,50.0,50.0,280,25,0.0,0.012,0.1,272
Ir,None,100.0,0.0,280,25,0.0,0.012,0.1,307
Co,Ir,90.90909091,9.090909091,255,400,120.0,0.039,0.1,257
Co,Ir,90.90909091,9.090909091,255,500,120.0,0.039,0.1,276
Co,Ir,97.64617268,2.353827323,170,350,120.0,2.46741311,1.0,384
Co,None,48.82308634,48.82308634,170,350,120.0,2.411414499,1.0,270
Co,None,73.23462951,24.41154317,170,350,120.0,2.411414499,1.0,344
Ir,None,100.0,0.0,180,350,120.0,0.034693878,1.0,380
Ir,None,100.0,0.0,180,350,120.0,0.051020408,1.0,341
Ir,None,100.0,0.0,180,350,120.0,0.081632653,1.0,276
Ir,None,100.0,0.0,180,350,120.0,0.102040816,1.0,281
Na,None,99.0,0.737378288,25,450,40.0,0.14,0.1,256
Na,None,99.07188625,0.527081225,25,450,40.0,0.1,0.1,299
Na,None,99.14387697,0.316478538,25,450,40.0,0.06,0.1,295
Ir,None,100.0,0.0,80,150,15.0,0.137142857,1.0,240
Ir,None,100.0,0.0,250,25,0.0,0.02,1.0,310
Ir,None,100.0,0.0,250,25,0.0,0.05,1.0,308
Ir,None,100.0,0.0,250,25,0.0,0.1,1.0,300
Ru,None,100.0,0.0,25,300,240.0,0.275,1.0,239
Ru,None,100.0,0.0,25,300,240.0,0.275,1.0,243
Ir,Ru,80.0,20.0,200,25,0.0,0.02041,0.1,338
Ir,Ru,66.66666667,33.33333333,200,25,0.0,0.02041,0.1,331
Ir,Ru,50.0,50.0,200,25,0.0,0.02041,0.1,322
Ru,Ir,66.66666667,33.33333333,200,25,0.0,0.02041,0.1,308
Ru,Ir,80.0,20.0,200,25,0.0,0.02041,0.1,294
Ru,Ir,80.0,20.0,25,300,,0.017,0.1,370
Ru,Ir,80.0,20.0,25,200,120.0,0.02,0.1,299
Ru,Ir,80.0,20.0,25,250,120.0,0.02,0.1,309
Ru,Ir,80.0,20.0,25,300,120.0,0.02,0.1,312
Ru,Ir,80.0,20.0,25,300,120.0,0.02,0.1,295
Ru,Ir,80.0,20.0,25,600,120.0,0.02,0.1,299
Ru,Ir,80.0,20.0,25,900,120.0,0.02,0.1,311
Ir,None,100.0,0.0,25,300,120.0,0.02,0.1,349
Ru,Ir,72.72727273,18.18181818,25,300,120.0,0.02,0.1,300
Ru,Ir,63.99223697,36.00776303,25,400,60.0,0.015286624,1.0,340
Ru,None,50.0,50.0,120,800,720.0,0.50955414,0.1,172
Ru,None,50.0,47.5,120,900,720.0,0.50955414,0.1,164
Ru,None,50.0,45.0,120,1000,720.0,0.50955414,0.1,169
Ru,None,50.0,42.5,120,1050,720.0,0.50955414,0.1,234
Ir,None,100.0,0.0,80,400,30.0,0.379,1.0,301
Ir,None,100.0,0.0,80,450,30.0,0.379,1.0,282
Ir,None,100.0,0.0,80,500,30.0,0.379,1.0,299
Ir,None,100.0,0.0,15,25,0.0,0.13333,1.0,293
Ti,Ir,85.76850095,14.23149905,25,25,0.0,0.039999,1.0,345
Ir,None,80.0,20.0,60,25,0.0,0.0255,0.1,334
Ir,None,75.0,25.0,60,25,0.0,0.0255,0.1,302
Ir,None,66.66666667,33.33333333,60,25,0.0,0.0255,0.1,353
Ir,Co,50.0,30.0,200,400,600.0,0.2,0.1,287
Ir,Co,60.0,24.0,200,400,600.0,0.2,0.1,304
Ir,Co,70.0,18.0,200,400,600.0,0.2,0.1,309
Ir,Co,80.0,12.0,200,400,600.0,0.2,0.1,329
Ir,Co,90.0,6.0,200,400,600.0,0.2,0.1,357
Ir,Co,70.0,18.0,200,400,600.0,0.2,0.1,328
Ir,Co,70.0,18.0,200,400,600.0,0.2,0.1,323
Co,Ir,94.30255403,5.697445972,25,800,120.0,0.1228,1.0,331
Ir,None,100.0,0.0,25,800,120.0,0.307,1.0,360
Sr,None,50.0,33.33333333,25,700,180.0,0.28,0.1,265
Sr,Ir,93.15525876,6.844741235,150,700,360.0,0.28,0.1,293
Ir,None,100.0,0.0,70,25,0.0,0.0102,0.1,419
Ir,None,100.0,0.0,70,25,0.0,0.0102,0.1,412
Ru,None,50.0,50.0,25,900,720.0,0.2,0.1,255
Ru,Y,50.0,50.0,120,1100,300.0,0.248,1.0,299
Ru,Y,50.0,46.25,120,1100,300.0,0.248,1.0,282
Ru,Y,50.0,43.75,120,1100,300.0,0.248,1.0,276
Ru,Y,50.0,40.0,120,1100,300.0,0.248,1.0,297
Ru,None,66.66666667,33.33333333,130,185,300.0,0.0128,0.1,220
Ru,None,90.0,10.0,25,500,240.0,1.5,3.0,223
Ir,Ru,33.33333333,33.33333333,60,450,180.0,0.326114649,1.0,396
Sr,None,49.58123953,33.24958124,180,700,300.0,0.13,0.1,314
Sr,Ir,59.46760422,20.592667,180,700,300.0,0.13,0.1,274
Sr,Ir,66.03457892,22.86670385,180,700,300.0,0.13,0.1,240
Sr,Ir,69.92263627,24.21307506,180,700,300.0,0.13,0.1,255
Sr,Ir,74.27854454,25.72145546,180,700,300.0,0.13,0.1,267
Ru,Ni,50.0,50.0,160,350,120.0,0.101910828,1.0,252
Ru,Ni,60.0,40.0,160,350,120.0,0.101910828,1.0,260
Ru,Ni,75.0,25.0,160,350,120.0,0.101910828,1.0,269
Ru,None,100.0,0.0,160,350,120.0,0.101910828,1.0,278
Ru,Ni,50.0,50.0,160,350,120.0,0.101910828,0.1,313
Ru,Ni,60.0,40.0,160,350,120.0,0.101910828,0.1,315
Ru,Ni,75.0,25.0,160,350,120.0,0.101910828,0.1,328
Ru,None,100.0,0.0,160,350,120.0,0.101910828,0.1,342
Ru,Ni,50.0,50.0,160,350,120.0,0.101910828,1.0,260
Ru,Ni,50.0,50.0,160,300,60.0,0.101910828,1.0,371
Ru,Ni,50.0,50.0,160,350,60.0,0.101910828,1.0,285
Ru,Ni,50.0,50.0,160,400,60.0,0.101910828,1.0,419
Ir,None,66.66666667,33.33333333,180,500,60.0,0.25477707,1.0,395
Ir,None,66.66666667,33.33333333,180,500,60.0,0.25477707,1.0,355
Ir,None,100.0,0.0,180,500,60.0,0.25477707,1.0,354
Na,Ir,99.0,0.8,60,500,30.0,3.306878307,1.0,279
Na,Ir,99.0,0.5,60,500,30.0,3.306878307,1.0,294
Na,Ru,99.0,1.0,60,500,60.0,0.7,1.0,191
Na,Ru,99.0,0.8,60,500,60.0,0.7,1.0,200
Na,Ru,99.0,0.5,60,500,60.0,0.7,1.0,213
Na,None,99.0,0.8,60,500,60.0,0.7,1.0,245
Co,None,99.0,1.0,140,400,180.0,0.2,1.0,470
Co,None,99.0,1.0,140,500,180.0,0.2,1.0,530
Co,None,99.0,1.0,140,600,180.0,0.2,1.0,550
Co,None,96.0,4.0,140,400,180.0,0.2,1.0,508
Co,None,98.0,2.0,140,400,180.0,0.2,1.0,511
Co,None,99.498998,0.501002004,140,400,180.0,0.2,1.0,516
Co,None,100.0,0.0,140,400,180.0,0.2,1.0,513
Co,None,96.29013373,3.709866272,120,400,120.0,0.2,1.0,537
Co,None,96.29013373,3.709866272,120,500,120.0,0.2,1.0,592
Co,None,92.84568305,7.154316953,120,400,120.0,0.2,1.0,573
Co,None,98.11000879,1.889991209,120,400,120.0,0.2,1.0,517
Co,None,96.29013373,3.709866272,120,400,480.0,0.2,1.0,564
Co,None,100.0,0.0,120,400,120.0,0.2,1.0,495
Ti,Ir,90.56603774,9.433962264,180,200,120.0,0.489171975,0.1,328
Ti,Ir,82.90728202,8.636175211,180,200,120.0,0.489171975,0.1,406
Ru,Y,50.0,50.0,80,1100,300.0,0.306,0.1,241
Ru,Y,50.0,50.0,80,1100,300.0,0.306,0.1,270
Ru,Y,50.0,50.0,80,1100,300.0,0.0612,0.1,279
Ru,Y,50.0,50.0,80,1100,300.0,0.153,0.1,257
Ru,Y,50.0,50.0,80,1100,300.0,0.459,0.1,239
Ru,None,50.0,37.5,25,1000,1440.0,0.25,1.0,171
Ru,None,100.0,0.0,280,25,0.0,0.018435644,0.1,377
Ru,None,50.0,33.33333333,280,400,60.0,0.018435644,0.1,326
Ru,None,50.0,33.33333333,280,400,60.0,0.018435644,0.1,236
Ru,Y,50.0,50.0,140,1050,720.0,0.275,1.0,294
Ru,Y,50.0,48.75,140,1050,720.0,0.275,1.0,282
Ru,Y,50.0,47.5,140,1050,720.0,0.275,1.0,263
Ru,Y,50.0,46.25,140,1050,720.0,0.275,1.0,281
Ru,None,50.0,50.0,80,1000,600.0,0.76433121,0.1,306
Ir,None,50.0,50.0,150,25,0.0,0.013916,1.0,371
Ir,None,75.0,25.0,150,25,0.0,0.014924,1.0,314
Ir,None,100.0,0.0,150,25,0.0,0.011228,1.0,292
Co,Ru,89.69488814,10.30511186,25,300,120.0,0.12845,1.0,378
Co,Ru,81.31525967,18.68474033,25,300,120.0,0.12845,1.0,289
Co,Ru,74.36756634,25.63243366,25,300,120.0,0.12845,1.0,266
Co,Ru,68.51366017,31.48633983,25,300,120.0,0.12845,1.0,334
Co,Ru,74.36756634,25.63243366,25,200,120.0,0.12845,1.0,450
Co,Ru,74.36756634,25.63243366,25,250,120.0,0.12845,1.0,271
Co,Ru,74.36756634,25.63243366,25,350,120.0,0.12845,1.0,304
Co,Ru,74.36756634,25.63243366,25,300,120.0,0.12845,1.0,269
Co,Ru,74.36756634,25.63243366,25,300,120.0,0.12845,1.0,212
Ir,None,61.97429462,38.02570538,25,400,360.0,0.16218,0.1,324
Ru,None,100.0,0.0,25,400,120.0,0.096,1.0,220
Ru,None,100.0,0.0,80,200,180.0,0.533333333,1.0,180
Ru,None,60.69651741,19.65174129,210,350,240.0,0.070063694,1.0,240
Ru,None,60.69651741,19.65174129,210,350,240.0,0.074904459,1.0,231
Ru,None,60.69651741,19.65174129,210,350,240.0,0.1,1.0,222
Ru,None,60.69651741,19.65174129,210,350,240.0,0.15,1.0,214
Ru,None,60.69651741,19.65174129,210,350,240.0,0.2,1.0,211
Ru,None,60.69651741,19.65174129,210,350,240.0,0.25,1.0,211
Ru,None,100.0,0.0,280,400,60.0,0.042384106,0.1,265
Ir,None,100.0,0.0,60,450,60.0,0.102,1.0,343
Ru,Ir,78.12549061,21.87450939,25,400,60.0,0.064,1.0,218
Ru,None,100.0,0.0,25,400,60.0,0.064,1.0,262
Ir,None,100.0,0.0,25,400,60.0,0.064,1.0,317
Ir,Co,90.90909091,9.090909091,25,25,0.0,0.106,0.1,284
Ir,Co,83.33333333,16.66666667,25,25,0.0,0.106,0.1,303
Ir,Co,60.0,40.0,25,25,0.0,0.106,0.1,299
Ir,None,100.0,0.0,100,450,120.0,0.072352,1.0,390
Ir,None,100.0,0.0,100,450,120.0,0.118048,1.0,198
Ir,None,100.0,0.0,100,450,120.0,0.140658,1.0,220
Ir,None,100.0,0.0,100,600,120.0,0.118048,1.0,265
Ir,None,100.0,0.0,100,750,120.0,0.118048,1.0,273
Ir,None,100.0,0.0,100,450,120.0,0.072352,0.2,400
Ir,None,100.0,0.0,100,450,120.0,0.118048,0.2,199
Ir,None,100.0,0.0,100,450,120.0,0.140658,0.2,230
Ir,None,100.0,0.0,100,450,120.0,0.072352,0.1,310
Ir,None,100.0,0.0,100,450,120.0,0.118048,0.1,190
Ir,None,100.0,0.0,100,450,120.0,0.140658,0.1,212
Ir,None,100.0,0.0,25,300,,1.7,1.0,220
Ir,None,100.0,0.0,25,350,,1.7,1.0,185
Ir,None,100.0,0.0,25,400,,1.7,1.0,225
Ir,None,100.0,0.0,180,50,60.0,0.463414634,1.0,262
Ir,None,100.0,0.0,180,100,60.0,0.469135802,1.0,284
Ir,None,100.0,0.0,180,200,60.0,0.452380952,1.0,293
Ir,None,100.0,0.0,180,300,60.0,0.447058824,1.0,302
Ir,None,100.0,0.0,180,400,60.0,0.441860465,1.0,309
Ir,None,100.0,0.0,180,500,60.0,0.426966292,1.0,350
Co,Ir,99.94555414,0.054445865,25,400,180.0,0.102040816,0.1,425
Co,Ir,99.72836226,0.271637742,25,400,180.0,0.102040816,0.1,380
Co,Ir,98.65641008,1.34358992,25,400,180.0,0.102040816,0.1,347
Co,Ir,97.34844617,2.651553831,25,400,180.0,0.102040816,0.1,296
Co,Ir,78.59302006,21.40697994,25,400,180.0,0.102040816,0.1,315
Co,Ir,97.34844617,2.651553831,25,25,0.0,0.000714286,0.1,413
Ir,None,100.0,0.0,200,500,1200.0,0.05,0.1,438
Ru,None,100.0,0.0,200,500,1200.0,0.05,0.1,452
Ru,Ir,44.44444444,44.44444444,198,25,0.0,0.051020408,0.1,236
Ru,Ir,44.44444444,44.44444444,198,25,0.0,0.051020408,0.1,313
Ru,Ir,44.44444444,44.44444444,198,25,0.0,0.051020408,0.1,392
Ru,Ir,50.0,50.0,198,25,0.0,0.051020408,0.1,345
Ir,None,51.5974732,48.4025268,25,25,0.0,0.013956728,1.0,302
Ir,Ni,88.88888889,11.11111111,25,25,0.0,0.017324841,0.2,304
Ir,None,100.0,0.0,25,400,180.0,0.857,1.0,252
Ir,None,95.0,5.0,25,400,180.0,0.857,1.0,246
Ir,None,90.0,10.0,25,400,180.0,0.857,1.0,241
Ir,None,67.0,33.0,25,400,180.0,0.857,1.0,267
Na,Ru,91.28194296,8.718057041,25,450,180.0,0.404,0.1,205
Na,Ru,91.28194296,8.718057041,25,400,180.0,0.404,0.1,229
Na,Ru,91.28194296,8.718057041,25,500,180.0,0.404,0.1,248
Na,Ru,91.28194296,8.718057041,25,550,180.0,0.404,0.1,245
Na,Ru,91.28194296,8.718057041,25,450,30.0,0.404,0.1,215
Na,Ru,91.28194296,8.718057041,25,450,60.0,0.404,0.1,208
Na,Ru,91.28194296,8.718057041,25,450,300.0,0.404,0.1,250
Ru,Y,50.0,50.0,300,550,300.0,0.025,0.1,270
Ir,Y,50.0,50.0,80,1000,720.0,0.102,0.1,370
Ir,None,50.0,50.0,25,240,7200.0,0.402,2.0,360
Co,None,66.66666667,33.33333333,25,900,360.0,0.666666667,1.0,558
Co,None,100.0,0.0,25,800,360.0,0.666666667,1.0,885
Ru,None,62.5,25.0,25,500,60.0,0.32,1.0,193
Ru,Ir,83.33333333,16.66666667,25,500,60.0,0.32,1.0,239
Ru,None,62.5,37.5,25,500,60.0,0.32,1.0,238
Ru,None,62.5,25.0,25,500,60.0,1.5,1.0,180
Ru,Ir,83.33333333,16.66666667,25,500,60.0,1.5,1.0,219
Ru,None,62.5,37.5,25,500,60.0,1.5,1.0,235
Ru,Ir,33.33333333,33.33333333,25,500,60.0,0.32,1.0,229
Ir,None,55.55555556,33.33333333,25,500,60.0,0.32,1.0,253
Ru,Ir,77.77777778,11.11111111,25,500,60.0,0.32,1.0,235
Sr,Ir,77.77777778,11.11111111,25,500,60.0,0.32,1.0,247
Ti,Ir,87.15203426,12.84796574,160,25,0.0,0.04375,0.1,362
Ti,Ir,82.00424178,13.67974549,100,25,0.0,0.04375,0.1,340
Ti,None,72.62160542,13.69864908,100,25,0.0,0.04375,0.1,328
Ti,None,57.10416837,29.21608614,100,25,0.0,0.04375,0.1,307
Ti,None,44.79723553,41.52301898,100,25,0.0,0.04375,0.1,295
Ir,Co,75.0,25.0,180,200,300.0,0.0255,0.1,247
Ir,Co,75.0,25.0,180,25,0.0,0.0255,0.1,280
Ir,Ru,37.4747407,37.47014966,180,25,0.0,0.15,1.0,223
Ir,Ru,37.4747407,37.47014966,180,25,0.0,0.3,1.0,218
Ir,Ru,37.4747407,37.47014966,180,25,0.0,0.6,1.0,210
Ir,Ru,37.4747407,37.47014966,180,25,0.0,0.9,1.0,206
Ir,Ru,37.4747407,37.47014966,180,25,0.0,0.15,0.1,244
Ir,None,70.0,30.0,25,250,60.0,0.661956411,0.2,396
Ir,None,70.0,30.0,25,300,60.0,0.661956411,0.2,309
Ir,None,70.0,30.0,25,350,60.0,0.661956411,0.2,294
Ir,None,70.0,30.0,25,400,60.0,0.661956411,0.2,334
Ir,None,70.0,30.0,25,450,60.0,0.661956411,0.2,362
Ir,None,70.0,30.0,25,550,60.0,0.661956411,0.2,392
Ir,None,100.0,0.0,25,490,30.0,0.99,1.0,278
Ir,Ru,80.0,20.0,25,490,30.0,0.99,1.0,280
Ir,Ru,60.0,40.0,25,490,30.0,0.99,1.0,262
Ru,Ir,60.0,40.0,25,490,30.0,0.99,1.0,218
Ru,Ir,80.0,20.0,25,490,30.0,0.99,1.0,207
Ru,None,100.0,0.0,25,490,30.0,0.99,1.0,194
Ir,None,100.0,0.0,70,450,240.0,0.106,1.0,303
Ir,None,100.0,0.0,120,120,240.0,0.088666667,0.2,270
Ir,Ru,64.63570916,20.11113159,200,25,0.0,0.5,0.1,260
Ir,None,55.55555556,44.44444444,250,25,0.0,0.050955414,0.1,292
Ir,Ni,60.0,40.0,250,25,0.0,0.050955414,0.1,309
Ir,Ni,66.66666667,33.33333333,250,25,0.0,0.050955414,0.1,312
Ru,None,100.0,0.0,150,550,600.0,0.357,1.0,278
Ru,Y,50.0,45.0,80,1000,360.0,0.0125,2.0,411
Ru,Y,50.0,50.0,80,1000,360.0,0.0125,2.0,362
Ru,Y,50.0,45.0,80,1000,360.0,0.0125,2.0,360
Ir,None,100.0,0.0,25,450,60.0,0.102,1.0,312
Ir,None,100.0,0.0,25,500,60.0,0.102,1.0,367
Ir,None,100.0,0.0,25,600,60.0,0.102,1.0,428
Ir,None,100.0,0.0,25,700,60.0,0.102,1.0,459
Ru,None,100.0,0.0,80,500,120.0,0.7,1.0,200
Ru,None,100.0,0.0,80,800,240.0,0.7,1.0,310
Ru,None,100.0,0.0,160,25,0.0,0.7,1.0,276
Ir,None,90.0,10.0,180,25,0.0,0.463414634,1.0,288
Ir,None,70.0,30.0,180,25,0.0,0.422222222,1.0,304
Ir,None,90.0,10.0,25,400,15.0,0.081528662,0.1,284
Ir,None,90.0,10.0,25,450,15.0,0.081528662,0.1,260
Ir,None,70.0,30.0,25,450,15.0,0.081528662,0.1,275
Ir,None,70.0,30.0,25,500,15.0,0.081528662,0.1,275
Ir,None,70.0,30.0,25,550,15.0,0.081528662,0.1,287
Ir,None,50.0,50.0,25,500,15.0,0.081528662,0.1,291
Ir,None,50.0,50.0,25,550,15.0,0.081528662,0.1,276
Ir,None,50.0,50.0,25,600,15.0,0.081528662,0.1,286
Ir,None,100.0,0.0,25,200,180.0,0.14,1.0,411
Ir,None,100.0,0.0,25,300,180.0,0.14,1.0,305
Ir,None,100.0,0.0,25,400,180.0,0.14,1.0,285
Ir,None,100.0,0.0,25,500,180.0,0.14,1.0,297
Ir,None,100.0,0.0,25,600,180.0,0.14,1.0,582
Ir,None,100.0,0.0,25,450,60.0,0.0595,1.0,330
Ti,Ir,84.32131463,15.67868537,60,25,0.0,0.079617834,1.0,293
Ru,Co,53.21662487,46.78337513,190,200,30.0,0.203821656,1.0,199
Ru,None,77.30102973,22.69897027,190,200,30.0,0.203821656,1.0,229
Ru,Ni,85.71054608,14.28945392,190,200,30.0,0.203821656,1.0,216
Ru,Co,53.21662487,46.78337513,190,200,30.0,0.203821656,0.1,209
Ru,None,77.30102973,22.69897027,190,200,30.0,0.203821656,0.1,239
Ru,Ni,85.71054608,14.28945392,190,200,30.0,0.203821656,0.1,224
Ir,None,60.0,40.0,60,400,120.0,0.994718394,1.0,233
Ir,None,45.30378628,35.24275759,220,220,60.0,0.013955583,0.1,313
Ti,Ru,99.9062727,0.093727303,0,25,0.0,0.611464968,0.1,290
Ir,None,82.43833712,9.376154773,60,900,180.0,0.0275,1.0,206
Ir,None,79.19699875,9.007499954,60,900,180.0,0.0275,1.0,209
Ir,None,95.27019249,4.729807515,60,900,180.0,0.0275,1.0,260
Ir,None,90.9676001,9.0323999,60,900,180.0,0.0275,1.0,220
Ir,None,87.03684227,12.96315773,60,900,180.0,0.0275,1.0,227
Ir,None,65.5835803,17.48608432,180,25,0.0,0.021862608,1.0,275
Ru,None,100.0,0.0,25,350,80.0,0.52,1.0,255
Ru,None,87.90603473,12.09396527,25,350,80.0,0.52,1.0,213
Ru,None,78.42173708,21.57826292,25,350,80.0,0.52,1.0,189
Ru,None,64.5030906,35.4969094,25,350,80.0,0.52,1.0,179
Ru,None,64.5030906,35.4969094,25,350,80.0,0.52,0.1,205
Ru,None,64.5030906,35.4969094,25,350,80.0,0.52,6.0,200
Ir,None,100.0,0.0,25,400,120.0,0.004,1.0,314
Ir,None,100.0,0.0,25,400,120.0,0.008,1.0,306
Ir,None,100.0,0.0,25,400,120.0,0.012,1.0,285
Ir,None,100.0,0.0,25,400,120.0,0.016,1.0,273
Ir,None,100.0,0.0,25,400,30.0,0.13,1.0,306
Ir,None,100.0,0.0,25,400,30.0,0.25,1.0,281
Ir,None,100.0,0.0,25,400,30.0,0.35,1.0,277
Ir,None,100.0,0.0,25,400,30.0,0.6,1.0,271
Ir,None,100.0,0.0,25,400,30.0,0.25,0.1,304
Ir,None,100.0,0.0,25,400,30.0,0.25,1.0,299
Ir,None,100.0,0.0,25,400,30.0,0.25,1.0,300
Ir,None,100.0,0.0,320,25,0.0,0.105,0.5,290
Ru,None,100.0,0.0,25,350,120.0,0.5,1.0,209
Ru,None,95.23809524,4.761904762,25,350,120.0,0.5,1.0,228
Ru,None,90.90909091,9.090909091,25,350,120.0,0.5,1.0,178
Ru,None,83.33333333,16.66666667,25,350,120.0,0.5,1.0,198
Ir,None,100.0,0.0,25,25,0.0,0.0306,0.1,270
Ir,None,100.0,0.0,80,350,30.0,0.25,1.0,304
Ir,None,100.0,0.0,80,450,30.0,0.25,1.0,314
Ir,None,100.0,0.0,80,550,30.0,0.25,1.0,325
Ir,None,100.0,0.0,80,650,30.0,0.25,1.0,341
Ir,None,100.0,0.0,160,25,0.0,0.0115,1.0,240
Ru,None,90.01459085,9.985409148,180,286,120.0,0.0204,0.1,245
Co,Ir,75.73814378,24.26185622,25,25,0.0,0.05,1.0,284
Co,Ir,75.73814378,24.26185622,25,25,0.0,0.05,1.0,314
Co,Ir,75.73814378,24.26185622,25,25,0.0,0.01625,1.0,324
Co,Ir,75.73814378,24.26185622,25,25,0.0,0.0325,1.0,284
Co,Ir,75.73814378,24.26185622,25,25,0.0,0.065,1.0,255
Ru,None,59.88023952,40.11976048,225,25,0.0,0.5,1.0,214
Ir,None,59.88023952,40.11976048,240,25,0.0,0.5,1.0,278
Ir,None,100.0,0.0,200,25,0.0,0.0054314,1.0,297
Ir,None,100.0,0.0,200,25,0.0,0.006676096,1.0,286
Ir,None,100.0,0.0,200,25,0.0,0.009165488,1.0,279
Ir,None,100.0,0.0,200,25,0.0,0.006449788,1.0,328
Ir,None,100.0,0.0,200,25,0.0,0.006902405,1.0,318
Ir,None,100.0,0.0,200,25,0.0,0.006336634,1.0,301
Co,Ru,77.48490907,22.51509093,25,25,0.0,0.25477707,1.0,234
Ru,Co,82.78681103,17.21318897,25,25,0.0,0.25477707,1.0,246
Ru,Co,61.58524264,38.41475736,25,25,0.0,0.25477707,1.0,243
Co,None,66.66666667,33.33333333,25,25,0.0,10.0,1.0,330
Ir,None,100.0,0.0,25,500,60.0,0.857142857,1.0,265
Ir,Co,75.0,25.0,25,500,60.0,0.857142857,1.0,253
Ir,Co,50.0,50.0,25,500,60.0,0.857142857,1.0,248
Co,Ir,75.0,25.0,25,500,60.0,0.857142857,1.0,252
Ru,None,100.0,0.0,25,350,30.0,1.0,1.0,181
Ru,None,100.0,0.0,25,350,60.0,1.0,1.0,217
Ru,None,100.0,0.0,25,250,30.0,1.0,1.0,180
Ru,None,100.0,0.0,25,450,30.0,1.0,1.0,186
Ru,None,100.0,0.0,25,550,30.0,1.0,1.0,221
Ru,None,100.0,0.0,210,250,90.0,0.08492569,1.0,256
Ru,None,87.54759065,12.45240935,210,250,90.0,0.08492569,1.0,240
Ru,None,94.25441683,5.745583172,210,250,90.0,0.08492569,1.0,227
Ru,None,77.85301458,22.14698542,210,250,90.0,0.08492569,1.0,265
Ru,None,100.0,0.0,210,250,90.0,0.08492569,0.1,271
Ru,None,87.54759065,12.45240935,210,250,90.0,0.08492569,0.1,252
Ru,None,94.25441683,5.745583172,210,250,90.0,0.08492569,0.1,234
Ru,None,77.85301458,22.14698542,210,250,90.0,0.08492569,0.1,280
Ru,None,100.0,0.0,25,700,120.0,0.282142857,1.0,176
Ir,Ni,66.66666667,33.33333333,40,25,0.0,0.285,1.0,238
Ir,Ru,68.43867012,31.56132988,90,350,120.0,0.071428571,1.0,288
Ir,None,50.0,45.0,140,25,0.0,0.318696882,1.0,381
Ru,Ir,40.18838305,40.18838305,190,25,0.0,0.354107649,1.0,205
Ir,None,67.19160105,32.80839895,190,25,0.0,0.354107649,1.0,311
Ir,None,41.1562384,30.51584506,200,25,0.0,0.010191083,0.1,358
Ir,None,41.1562384,30.51584506,200,400,120.0,0.010191083,0.1,337
Ir,None,50.0,50.0,180,350,240.0,0.040816327,1.0,334
Ir,None,83.33333333,16.66666667,190,25,0.0,0.032611465,0.1,444
Ir,None,80.0,20.0,190,25,0.0,0.032611465,0.1,381
Ir,None,75.0,25.0,190,25,0.0,0.032611465,0.1,308
Ir,None,65.89518971,34.10481029,70,600,720.0,0.849858357,1.0,254
Ir,None,65.89518971,34.10481029,70,600,180.0,0.849858357,1.0,270
Ir,None,65.89518971,34.10481029,70,600,60.0,0.849858357,1.0,267
Ir,None,100.0,0.0,70,600,720.0,0.849858357,1.0,297
Ru,None,50.0,25.0,150,600,360.0,0.2,0.1,323
Ru,None,70.0,15.0,150,600,360.0,0.2,0.1,281
Ru,None,80.0,10.0,150,600,360.0,0.2,0.1,336
Ru,None,90.0,5.0,150,600,360.0,0.2,0.1,262
Ru,Co,90.0,6.0,150,600,360.0,0.2,0.1,332
Ru,Co,90.0,5.0,150,600,360.0,0.2,0.1,364
Ru,Co,80.0,12.0,150,600,360.0,0.2,0.1,400
Ru,Co,70.0,18.0,150,600,360.0,0.2,0.1,371
Ru,Co,70.0,15.0,150,600,360.0,0.2,0.1,456
Co,None,100.0,0.0,25,300,70.0,0.040677966,0.1,564
Co,None,100.0,0.0,25,300,70.0,0.174135684,0.1,520
Co,None,95.0,5.0,25,300,70.0,0.174135684,0.1,508
Co,None,92.5,7.5,25,300,70.0,0.174135684,0.1,513
Co,None,90.0,10.0,25,300,70.0,0.174135684,0.1,517
Ir,None,100.0,0.0,160,25,0.0,0.25,2.0,288
Na,Ir,98.59387919,1.406120806,80,550,30.0,0.25,2.0,315
Ru,None,100.0,0.0,145,25,0.0,0.127388535,0.1,180
Ir,None,100.0,0.0,25,25,0.0,0.285,1.0,266
Ir,Ni,60.0,40.0,160,200,120.0,0.032648,0.1,321
Sr,Ir,50.0,40.0,25,1100,1440.0,0.126234756,0.1,411
Ru,None,66.37974684,33.62025316,25,200,5.0,0.1,0.1,235
Ru,None,100.0,0.0,25,200,5.0,0.1,0.1,272
Ru,None,50.0,50.0,25,200,5.0,0.1,0.1,276
Ru,None,75.0,25.0,25,200,5.0,0.1,0.1,262
Ru,None,100.0,0.0,180,450,360.0,0.2,0.1,315
Ru,None,50.0,50.0,180,450,360.0,0.2,0.1,262
Ru,None,70.0,30.0,180,450,360.0,0.2,0.1,280
Ru,None,90.0,10.0,180,450,360.0,0.2,0.1,266
Ir,Ni,46.27532545,36.15071001,260,25,0.0,0.016499508,1.0,263
Ir,Ni,56.14163679,43.85836321,260,25,0.0,0.013400673,1.0,281
Ir,None,72.47586537,27.52413463,260,25,0.0,0.014603175,1.0,298
Ir,Ru,76.92307692,23.07692308,195,25,0.0,0.01,0.1,433
Ir,Ru,83.33333333,16.66666667,195,25,0.0,0.01,0.1,437
Ru,Y,50.0,50.0,80,1050,720.0,0.246,1.0,304
Ru,Y,50.0,47.5,80,1050,720.0,0.246,1.0,284
Ru,Y,50.0,46.25,80,1050,720.0,0.246,1.0,279
Ru,Y,50.0,43.75,80,1050,720.0,0.246,1.0,287
Ru,Y,50.0,40.0,80,1050,720.0,0.246,1.0,300
Ir,None,100.0,0.0,140,25,0.0,0.58,0.1,199
Ir,None,100.0,0.0,140,25,0.0,0.44,0.1,282
Ir,None,100.0,0.0,140,25,0.0,0.38,0.1,332
Ir,None,100.0,0.0,140,25,0.0,0.33,0.1,382
Ir,None,100.0,0.0,140,350,10.0,0.58,0.1,241
Ir,None,100.0,0.0,140,350,30.0,0.58,0.1,258
Ir,None,100.0,0.0,140,350,60.0,0.58,0.1,275
Ir,None,75.0,25.0,25,200,120.0,0.163057325,0.1,384
Ir,None,50.0,50.0,25,200,120.0,0.163057325,0.1,325
Ir,None,100.0,0.0,25,200,120.0,0.163057325,0.1,363
Ir,Ru,50.0,50.0,25,200,120.0,0.124416136,0.1,334
Ir,None,64.0,36.0,25,400,480.0,0.857142857,1.0,294
Ir,Ru,50.0,50.0,195,400,120.0,0.01,0.1,413
Ir,Ru,50.0,50.0,195,400,120.0,0.01,0.1,425
Ir,Ru,54.0,46.0,80,400,60.0,1.0,1.0,250
Ir,None,100.0,0.0,25,25,0.0,0.06,1.0,323
Ir,None,50.0116731,49.9883269,180,400,360.0,0.2,0.1,292
Ir,None,50.0116731,49.9883269,180,400,360.0,0.2,0.1,292
Ir,None,50.0116731,49.9883269,180,400,360.0,0.2,0.1,292
Ir,None,50.0116731,49.9883269,180,400,360.0,0.2,0.1,293
Ir,None,50.0116731,49.9883269,180,400,360.0,0.2,0.1,294
Ir,None,50.0116731,49.9883269,180,400,360.0,0.2,0.1,296
Ir,None,50.0116731,49.9883269,180,400,360.0,0.2,0.1,304
Na,Ir,93.57299892,6.427001083,120,25,0.0,0.1,0.1,289
Na,Ir,87.92223587,12.07776413,120,25,0.0,0.1,0.1,276
Na,Ir,78.44752842,21.55247158,120,25,0.0,0.1,0.1,278
Na,Ir,64.53799531,35.46200469,120,25,0.0,0.1,0.1,272
Ir,None,52.35712371,47.64287629,120,25,0.0,0.1,0.1,278
Ir,None,100.0,0.0,120,25,0.0,0.1,0.1,322
Na,Ir,87.92223587,12.07776413,120,25,0.0,0.1,0.1,404
Ru,Ni,51.43192542,48.56807458,200,250,60.0,0.25,1.0,205
Ru,Ni,51.43192542,48.56807458,200,250,60.0,0.25,0.1,207
Ru,None,51.33262941,48.66737059,200,250,60.0,0.25,1.0,210
Ru,None,51.33262941,48.66737059,200,250,60.0,0.25,0.1,217
Sr,Ir,50.0,50.0,25,1000,2400.0,0.283,1.0,309
Sr,Ir,66.66666667,33.33333333,25,1200,2400.0,0.283,1.0,284
Sr,Ir,60.0,40.0,25,1000,2400.0,0.283,1.0,259
Ir,Co,35.31694696,32.34152652,250,25,0.0,0.016853933,0.1,281
Co,Ir,66.66666667,33.33333333,250,25,0.0,0.016853933,0.1,286
Na,Ru,59.35559562,40.64440438,180,720,120.0,0.5,1.0,233
Na,Ru,70.02920275,29.97079725,180,720,120.0,0.5,1.0,265
Na,Ru,74.49452325,25.50547675,180,720,120.0,0.5,1.0,327
Ti,None,84.9272671,11.30454968,160,250,60.0,0.122448978,1.0,226
Ti,None,89.64050202,7.769623484,160,250,60.0,0.085714272,1.0,327
Co,Ir,93.0,7.0,120,400,360.0,0.03051494,0.1,335
Co,Ir,90.0,10.0,120,400,360.0,0.041994751,0.1,315
Co,Ir,80.0,20.0,120,400,360.0,0.074844075,0.1,310
Co,Ir,70.0,30.0,120,400,360.0,0.10124209,0.1,322
Na,Co,86.56006776,13.43993224,60,250,360.0,0.9,1.0,510
Co,None,80.65449092,19.34550908,180,700,180.0,0.0092,1.0,160
Co,None,85.28322973,14.71677027,180,700,180.0,0.0094,1.0,186
Co,None,74.71027133,25.28972867,180,700,180.0,0.009,1.0,218
Co,None,59.16270956,40.83729044,180,700,180.0,0.0085,1.0,244
Co,None,100.0,0.0,180,700,180.0,0.00902439,1.0,256
Co,None,80.65449092,19.34550908,180,700,180.0,0.01,1.0,479
Co,None,100.0,0.0,180,700,180.0,0.01,1.0,528
Ir,None,100.0,0.0,25,300,180.0,0.0175,1.0,341
Ir,None,100.0,0.0,25,400,180.0,0.0175,1.0,363
Ir,None,100.0,0.0,25,500,180.0,0.0175,1.0,384
Ir,None,100.0,0.0,25,600,180.0,0.0175,1.0,431
Ir,None,100.0,0.0,25,300,180.0,0.0175,1.0,291
Ir,None,90.90909091,9.090909091,180,300,360.0,0.2,0.1,346
Ir,None,76.92307692,23.07692308,180,300,360.0,0.2,0.1,316
Ir,None,66.66666667,33.33333333,180,300,360.0,0.2,0.1,314
Ir,None,57.14285714,42.85714286,180,300,360.0,0.2,0.1,302
Ir,None,75.0,25.0,80,350,60.0,0.7,0.2,270
Ir,None,75.0,25.0,80,450,60.0,0.7,0.2,374
Ir,None,75.0,25.0,80,550,60.0,0.7,0.2,412
Ir,None,50.0,50.0,75,450,180.0,3.33045,2.0,344
Ir,None,50.0,50.0,75,450,180.0,3.33045,2.0,328
Ir,None,50.0,50.0,75,450,180.0,3.33045,2.0,325
Ir,None,50.0,50.0,75,450,180.0,3.33045,2.0,320
Ir,None,50.0,50.0,75,450,180.0,3.33045,2.0,309
Ir,None,70.0,30.0,80,350,60.0,1.447,0.2,260
Ru,Ir,50.0,50.0,70,450,60.0,0.4,0.2,258
Ir,Ru,70.0,30.0,70,450,60.0,0.4,0.2,267
Co,None,100.0,0.0,25,900,120.0,0.120330427,1.0,382
Ru,Co,53.48314607,46.51685393,25,350,60.0,0.1,1.0,240
Co,Ir,99.0,1.0,25,420,240.0,5.934,1.0,297
Ir,None,100.0,0.0,60,450,60.0,0.102,1.0,344
Ir,Ni,90.0,10.0,60,450,60.0,0.102,1.0,342
Ir,Ni,80.0,20.0,60,450,60.0,0.102,1.0,337
Ir,Ni,70.0,30.0,60,450,60.0,0.102,1.0,335
Ir,Ni,60.0,40.0,60,450,60.0,0.102,1.0,338
Ir,Ni,50.0,50.0,60,450,60.0,0.102,1.0,376
Ru,Y,50.0,50.0,70,550,360.0,0.025,0.1,270
Na,None,70.58616338,28.42513623,25,310,120.0,0.1,0.1,263
Na,None,85.10004574,13.70795792,25,310,120.0,0.1,0.1,282
Na,None,70.58616338,28.42513623,25,550,120.0,0.1,0.1,268
Ir,None,100.0,0.0,150,25,0.0,0.0135,1.0,265
Ir,None,50.0,50.0,70,450,30.0,0.11323,1.0,360
Ir,None,50.0,50.0,130,25,0.0,0.14154281,1.0,315
Ti,Ir,88.93166506,11.06833494,50,400,60.0,0.0129,0.1,372
Ru,Co,62.08791209,37.91208791,25,350,120.0,0.296875,0.1,243
Ru,Co,62.08791209,37.91208791,25,350,120.0,0.30110935,0.1,281
Ru,Co,41.48796115,29.25601943,25,350,120.0,0.979381443,0.1,207
Sr,Ir,50.0,25.0,25,1150,720.0,0.25477707,0.1,278
Sr,Ir,50.0,25.0,25,1350,720.0,0.25477707,0.1,300
Sr,Ir,66.66666667,33.33333333,25,1200,720.0,0.05,0.1,371
Sr,Ir,66.66666667,33.33333333,25,1200,720.0,0.05,0.1,343
Sr,Ir,66.66666667,33.33333333,25,1200,720.0,0.05,0.1,310
Ir,None,100.0,0.0,160,25,0.0,0.0119,0.1,366
Ir,None,100.0,0.0,160,25,0.0,0.0119,0.1,362
Ir,None,100.0,0.0,160,25,0.0,0.0119,0.1,396
Ti,Ir,84.41744103,8.541815583,140,25,0.0,0.203821656,1.0,366
Ti,Ir,80.51282051,9.871794872,140,25,0.0,0.203821656,1.0,327
Ti,Ir,81.47540984,10.57377049,140,25,0.0,0.203821656,1.0,371
Ti,Ir,79.05502737,12.76289254,140,25,0.0,0.203821656,1.0,303
Ir,None,50.0,50.0,60,25,0.0,0.0543,1.0,381
Ir,None,67.0,33.0,60,25,0.0,0.0373,1.0,365
Ru,None,57.14285714,42.85714286,85,1000,480.0,0.83,0.1,231
Ru,None,80.0,20.0,85,1000,480.0,0.83,0.1,307
Ru,None,50.0,37.5,85,1000,480.0,0.83,0.1,182
Ru,None,50.0,45.0,85,1000,480.0,0.83,0.1,196
Ru,None,50.0,25.0,85,1000,480.0,0.83,0.1,253
Ru,None,50.0,37.5,85,1000,480.0,0.83,0.1,265
Ru,None,50.0,45.0,85,1000,480.0,0.83,0.1,296
Ru,None,50.0,37.5,85,1000,480.0,0.83,0.1,227
Ru,None,50.0,50.0,85,1000,480.0,0.83,0.1,272
Ru,None,54.05405405,45.94594595,25,900,1440.0,0.5,1.0,262
Ru,None,54.05405405,45.94594595,25,900,1440.0,0.5,1.0,220
Ru,None,50.0,50.0,25,400,60.0,0.237,1.0,211
Ru,Ir,90.90909091,9.090909091,80,370,,0.1,2.0,340
Ru,Ir,80.0,20.0,80,370,,0.1,2.0,347
Ru,None,50.0,50.0,25,900,720.0,0.5,0.1,255
Ti,Ru,71.39218723,28.60781277,25,320,120.0,1.6898,1.0,180
Ti,Ru,71.39218723,28.60781277,25,320,120.0,1.6898,1.0,310
Ru,None,100.0,0.0,25,320,120.0,1.6898,1.0,280
Ir,None,50.0,50.0,25,700,20.0,0.56588,1.0,280
Ir,None,100.0,0.0,25,700,20.0,0.56588,1.0,390
Ir,Ru,50.0,50.0,25,25,0.0,0.05,1.0,160
Ir,Ru,75.0,25.0,25,25,0.0,0.05,1.0,230
Ru,Ir,75.0,25.0,25,25,0.0,0.05,1.0,219
Ru,None,66.66666667,33.33333333,25,350,240.0,0.997849624,1.0,199
Ru,None,100.0,0.0,25,350,240.0,0.606,1.0,235
Ir,None,50.0,50.0,160,25,0.0,0.012233376,1.0,442
Ir,None,66.66666667,33.33333333,160,25,0.0,0.021548025,1.0,373
Ir,None,75.0,25.0,160,25,0.0,0.030141146,1.0,299
Ru,None,88.31404409,11.68595591,25,800,3.0,0.141542817,1.0,177
Ru,None,100.0,0.0,25,800,3.0,0.141542817,1.0,250
Ru,None,100.0,0.0,25,800,3.0,0.141542817,1.0,240
Ru,None,90.8962326,9.103767399,25,800,3.0,0.141542817,1.0,199
Ru,None,88.79025666,11.20974334,25,800,3.0,0.141542817,1.0,210
Ru,None,94.1017768,5.898223199,25,800,3.0,0.141542817,1.0,196
Ru,None,82.63372599,17.36627401,25,800,3.0,0.141542817,1.0,186
Ir,None,50.0,50.0,90,400,120.0,0.226,1.0,269
Ir,None,49.04673832,49.04673832,90,400,120.0,0.226,1.0,241
Ir,None,48.09165638,48.09165638,90,400,120.0,0.226,1.0,238
Ir,None,46.17601083,46.17601083,90,400,120.0,0.226,1.0,248
Ir,None,100.0,0.0,78,25,0.0,0.01,0.1,324
Ir,None,100.0,0.0,78,25,0.0,0.01,0.1,357
Ir,None,100.0,0.0,78,25,0.0,0.01,0.1,360
Ir,None,100.0,0.0,78,25,0.0,0.01,0.1,375
Na,Ir,96.16026711,3.839732888,25,350,120.0,0.45,1.0,242
Na,Ir,98.81626351,1.18373649,25,350,120.0,0.45,1.0,221
Na,Ir,99.57399518,0.426004816,25,350,120.0,0.45,1.0,240
Na,Ir,98.81626351,1.18373649,25,400,120.0,0.45,1.0,278
Ru,None,100.0,0.0,180,25,0.0,0.2,1.0,243
Ru,Ir,75.0,25.0,180,25,0.0,0.2,1.0,267
Ru,Ir,50.0,50.0,180,25,0.0,0.2,1.0,327
Ir,Ru,75.0,25.0,180,25,0.0,0.2,1.0,258
Ir,None,100.0,0.0,180,25,0.0,0.2,1.0,297
Co,None,100.0,0.0,140,750,120.0,8.0,2.0,360
Co,None,100.0,0.0,140,750,120.0,6.0,2.0,384
Co,None,100.0,0.0,140,750,120.0,4.0,2.0,405
Co,None,100.0,0.0,140,750,120.0,2.0,2.0,446
Ru,None,100.0,0.0,25,300,240.0,0.353681828,1.0,293
Ru,None,51.56761816,48.43238184,25,300,240.0,0.353681828,1.0,190
Ru,None,51.56761816,48.43238184,25,300,240.0,0.353681828,1.0,239
Ru,None,57.0984456,42.9015544,25,300,240.0,0.353681828,1.0,215
Ru,None,57.0984456,42.9015544,25,300,240.0,0.353681828,1.0,227
Ir,None,50.0,50.0,25,400,240.0,0.098277942,0.1,417
Ru,Ir,90.0,10.0,130,500,20.0,0.327,1.0,410
Ru,Ir,90.0,10.0,130,500,20.0,0.302,1.0,410
Ru,Ir,90.0,10.0,130,500,20.0,0.323,1.0,371
Ru,Ir,90.0,10.0,130,500,20.0,0.32,1.0,362
Na,None,75.55158029,20.11915633,-40,900,120.0,0.1,1.0,229
Na,None,77.79693648,20.71708786,-40,900,120.0,0.1,1.0,225
Na,None,66.86703066,17.80648714,-40,900,120.0,0.1,1.0,344
Na,None,72.41648013,19.28428868,-40,900,120.0,0.1,1.0,243
Na,None,74.47681447,19.83294945,-40,900,120.0,0.1,1.0,323
Na,None,75.55158029,20.11915633,-40,700,120.0,0.1,1.0,533
Na,None,75.55158029,20.11915633,-40,800,120.0,0.1,1.0,521
Ir,None,100.0,0.0,80,350,150.0,0.51,1.0,317
Ti,Ir,70.58823529,29.41176471,80,350,150.0,0.255,1.0,296
Ti,Ir,68.47058824,29.41176471,80,350,150.0,0.255,1.0,286
Ir,Ru,60.0,40.0,80,350,150.0,0.51,1.0,290
Ti,Ir,70.58823529,17.64705882,80,350,150.0,0.255,1.0,320
Ti,Ir,68.47058824,17.64705882,80,350,150.0,0.255,1.0,269
Ru,None,50.0,37.5,25,950,2880.0,0.254655,2.0,340
Ru,None,50.0,37.5,25,950,2880.0,0.254655,2.0,334
Ru,None,50.0,37.5,25,1050,2880.0,0.254655,2.0,327
Ru,None,50.0,37.5,25,1050,2880.0,0.254655,2.0,377
Ir,None,100.0,0.0,200,25,0.0,0.2,1.0,274
Ir,Co,78.16376082,21.83623918,200,25,0.0,0.2,1.0,278
Ir,Co,58.87848923,41.12151077,200,25,0.0,0.2,1.0,243
Co,Ir,52.77362909,47.22637091,200,25,0.0,0.2,1.0,268
Co,Ir,62.63346689,37.36653311,200,25,0.0,0.2,1.0,273
Ru,None,66.66666667,33.33333333,25,800,60.0,0.141542817,0.1,245
Ir,None,100.0,0.0,25,400,5.0,0.003,0.1,380
Ir,None,100.0,0.0,25,1000,5.0,0.003,0.1,455
Na,None,98.07947034,1.325047158,25,400,60.0,0.04,1.0,342
Na,None,97.64285115,1.587885527,25,400,60.0,0.04,1.0,328
Na,None,97.54455459,1.490568485,25,400,60.0,0.04,1.0,312
Na,None,97.43458428,1.381694015,25,400,60.0,0.04,1.0,325
Ir,None,40.0,30.0,220,400,360.0,0.2,0.1,296
Ir,None,40.0,40.0,220,400,360.0,0.2,0.1,273
Ir,None,60.0,20.0,220,400,360.0,0.2,0.1,310
Ir,None,100.0,0.0,100,25,0.0,0.015286624,1.0,341
Ir,None,100.0,0.0,100,25,0.0,0.015286624,1.0,328
Ru,None,90.0,10.0,190,25,0.0,0.04,0.1,231
Ru,None,70.0,30.0,190,25,0.0,0.04,0.1,248
Ru,None,50.0,50.0,190,25,0.0,0.04,0.1,264
Na,Ir,99.29313929,0.706860707,25,350,30.0,0.1,0.1,316
Na,Ir,99.29313929,0.706860707,25,400,30.0,0.1,0.1,313
Na,Ir,99.29313929,0.706860707,25,450,30.0,0.1,0.1,309
Na,Ir,99.29313929,0.706860707,25,500,30.0,0.1,0.1,346
Ti,Ir,85.49618321,14.50381679,100,25,0.0,0.015286624,0.1,239
Ir,None,100.0,0.0,160,160,300.0,0.001345219,1.0,361
Ru,None,100.0,0.0,150,800,120.0,0.070584,1.0,170
Ir,None,50.0,50.0,200,600,720.0,0.2,0.1,352
Ir,None,50.0,45.0,200,600,720.0,0.2,0.1,337
Ir,None,50.0,50.0,200,600,720.0,0.2,0.1,369
Ir,None,50.0,45.0,200,600,720.0,0.2,0.1,344
Ti,Ir,90.0,10.0,120,25,0.0,0.01,0.1,389
Ti,Ir,70.0,30.0,120,25,0.0,0.01,0.1,325
Ir,None,50.0,50.0,120,25,0.0,0.01,0.1,301
Ir,None,70.0,30.0,120,25,0.0,0.01,0.1,288
Ir,None,90.0,10.0,120,25,0.0,0.01,0.1,285
Ru,None,100.0,0.0,25,350,120.0,0.6,1.0,193
Ru,Ni,95.0,5.0,25,350,120.0,0.6,1.0,203
Ru,Ni,90.0,10.0,25,350,120.0,0.6,1.0,189
Ru,Ni,85.0,15.0,25,350,120.0,0.6,1.0,193
Ru,Ni,80.0,20.0,25,350,120.0,0.6,1.0,193
Ir,None,100.0,0.0,25,350,360.0,0.56,1.0,290
Sr,Ir,50.0,50.0,25,1000,600.0,0.5,1.0,285
Ir,Ni,75.0,25.0,25,25,0.0,0.0178,1.0,365
Co,Ir,72.97924865,27.02075135,50,450,240.0,0.2,0.1,284
Co,Ir,72.97924865,27.02075135,50,650,240.0,0.2,0.1,334
Ir,Ru,50.0,50.0,195,25,0.0,0.03144,1.0,219
Ir,Ru,75.0,25.0,195,25,0.0,0.03144,1.0,268
Ru,Ir,75.0,25.0,195,25,0.0,0.03144,1.0,260
Ir,None,100.0,0.0,195,25,0.0,0.03144,1.0,273
Ru,None,100.0,0.0,195,25,0.0,0.03144,1.0,168
Co,Ir,76.0784264,23.9215736,25,400,360.0,0.2,0.1,262
Ti,Ir,61.53846154,38.46153846,160,25,0.0,0.18,1.0,324
Ru,None,100.0,0.0,25,400,120.0,1.32,1.0,186
Ru,None,100.0,0.0,25,500,120.0,1.32,1.0,332
Ru,None,100.0,0.0,25,600,120.0,1.32,1.0,340
Na,Ir,90.81964878,4.752190925,25,450,15.0,0.08,0.1,260
Na,Ir,90.81964878,4.752190925,25,500,15.0,0.08,0.1,274
Na,Ir,90.81964878,4.752190925,25,600,15.0,0.08,0.1,289
Sr,Ru,50.0,37.5,150,700,180.0,4.95148711,1.0,187
Sr,Ru,50.0,25.0,150,700,180.0,4.95148711,1.0,185
Sr,Ir,50.0,37.5,150,700,180.0,4.95148711,1.0,221
Sr,Ru,50.0,50.0,150,700,180.0,4.95148711,1.0,250
Sr,Ir,50.0,50.0,150,700,180.0,4.95148711,1.0,271
Ir,None,100.0,0.0,60,400,120.0,0.8,0.1,357
Ir,None,80.0,20.0,60,400,120.0,0.8,0.1,295
Sr,None,84.64096829,11.82702577,150,700,360.0,0.34,1.0,217
Sr,Ir,95.99423069,4.005769307,150,700,360.0,0.34,1.0,255
Sr,Ir,94.10932938,5.890670623,150,700,360.0,0.34,1.0,276
Ru,None,100.0,0.0,130,450,30.0,0.025,0.1,298
Ru,None,100.0,0.0,25,500,60.0,0.2,1.0,237
Ru,None,80.0,20.0,25,500,60.0,0.2,1.0,209
Ru,None,60.0,40.0,25,500,60.0,0.2,1.0,195
Ru,None,100.0,0.0,25,200,180.0,0.28,1.0,176
Ru,None,100.0,0.0,25,200,180.0,0.28,0.1,191
Sr,Ir,98.41565704,1.584342964,180,500,360.0,0.21,0.1,200
Sr,Ir,93.95017794,6.049822064,180,500,360.0,0.21,0.1,248
Sr,Ir,88.59060403,11.40939597,180,500,360.0,0.21,0.1,270
Ir,None,100.0,0.0,50,500,60.0,0.3,1.0,329
Ir,None,80.0,20.0,50,500,60.0,0.3,1.0,263
Ir,None,90.0,10.0,50,500,60.0,0.3,1.0,274
Ir,None,70.0,20.0,50,500,60.0,0.3,1.0,237
Ir,None,60.0,20.0,50,500,60.0,0.3,1.0,245
Na,Co,80.29239278,18.76914974,25,350,360.0,0.174,1.0,236
Na,Co,98.84470311,1.15529689,25,350,360.0,0.187,1.0,421
Ru,Ni,75.0,25.0,25,450,180.0,0.306044834,0.1,214
Ru,None,75.0,25.0,25,450,180.0,0.306044834,0.1,227
